

Microchip MPLAB XC8 Assembler V4.00 build 20260614213421 
                                                                                               Wed Sep 30 15:17:00 2026

Microchip MPLAB XC8 C Compiler v4.00 build 20260614213421 Og1 
     1                           	processor	18F4580
     2                           	fnconf	rparam,??,?,0
     3                           	pagewidth 120
     4                           	psect	cinit,global,reloc=2,class=CODE,space=0,delta=1
     5                           	psect	cstackCOMRAM,global,class=COMRAM,space=1,delta=1,lowdata,noexec
     6                           	psect	text0,global,reloc=2,class=CODE,space=0,delta=1
     7                           	psect	text1,global,reloc=2,class=CODE,space=0,delta=1
     8                           	psect	text2,global,reloc=2,class=CODE,space=0,delta=1
     9                           	psect	intcode,global,reloc=2,class=CODE,space=0,delta=1
    10                           	psect	intcode_body,global,reloc=2,class=CODE,space=0,delta=1
    11                           	psect	smallconst,global,reloc=2,class=SMALLCONST,space=0,delta=1,noexec
    12                           	psect	intsave_regs,global,class=BIGRAM,space=1,delta=1,noexec
    13                           	psect	rparam,global,class=COMRAM,space=1,delta=1,noexec
    14                           	psect	idloc,global,abs,ovrld,class=IDLOC,space=5,delta=1,noexec
    15                           	psect	config,global,abs,ovrld,class=CONFIG,space=4,delta=1,noexec
    16                           	dabs	1,0x1,1
    17   000000                     
    18                           ; Version 2.40
    19                           ; Generated 17/11/2021 GMT
    20                           ; 
    21                           ; Copyright © 2021, Microchip Technology Inc. and its subsidiaries ("Microchip")
    22                           ; All rights reserved.
    23                           ; 
    24                           ; This software is developed by Microchip Technology Inc. and its subsidiaries ("Microch
      +                          ip").
    25                           ; 
    26                           ; Redistribution and use in source and binary forms, with or without modification, are
    27                           ; permitted provided that the following conditions are met:
    28                           ; 
    29                           ;     1. Redistributions of source code must retain the above copyright notice, this lis
      +                          t of
    30                           ;        conditions and the following disclaimer.
    31                           ; 
    32                           ;     2. Redistributions in binary form must reproduce the above copyright notice, this 
      +                          list
    33                           ;        of conditions and the following disclaimer in the documentation and/or other
    34                           ;        materials provided with the distribution. Publication is not required when
    35                           ;        this file is used in an embedded application.
    36                           ; 
    37                           ;     3. Microchip's name may not be used to endorse or promote products derived from th
      +                          is
    38                           ;        software without specific prior written permission.
    39                           ; 
    40                           ; THIS SOFTWARE IS PROVIDED BY MICROCHIP "AS IS" AND ANY EXPRESS OR IMPLIED WARRANTIES,
    41                           ; INCLUDING, BUT NOT LIMITED TO, THE IMPLIED WARRANTIES OF MERCHANTABILITY AND FITNESS F
      +                          OR
    42                           ; PURPOSE ARE DISCLAIMED.  IN NO EVENT SHALL MICROCHIP BE LIABLE FOR ANY DIRECT, INDIREC
      +                          T,
    43                           ; INCIDENTAL, SPECIAL, EXEMPLARY, OR CONSEQUENTIAL DAMAGES (INCLUDING BUT NOT LIMITED TO
    44                           ; PROCUREMENT OF SUBSTITUTE GOODS OR SERVICES; LOSS OF USE, DATA OR PROFITS; OR BUSINESS
    45                           ; INTERRUPTION) HOWSOEVER CAUSED AND ON ANY THEORY OF LIABILITY, WHETHER IN CONTRACT, ST
      +                          RICT
    46                           ; LIABILITY, OR TORT (INCLUDING NEGLIGENCE OR OTHERWISE) ARISING IN ANY WAY OUT OF THE U
      +                          SE OF
    47                           ; THIS SOFTWARE, EVEN IF ADVISED OF THE POSSIBILITY OF SUCH DAMAGE.
    48                           ; 
    49                           ; 
    50                           ; Code-generator required, PIC18F4580 Definitions
    51                           ; 
    52                           ; SFR Addresses
    53   000FE0                     bsr             equ	4064
    54   000FE9                     fsr0            equ	4073
    55   000FEA                     fsr0h           equ	4074
    56   000FE9                     fsr0l           equ	4073
    57   000FE1                     fsr1            equ	4065
    58   000FE2                     fsr1h           equ	4066
    59   000FE1                     fsr1l           equ	4065
    60   000FD9                     fsr2            equ	4057
    61   000FDA                     fsr2h           equ	4058
    62   000FD9                     fsr2l           equ	4057
    63   000FEF                     indf0           equ	4079
    64   000FE7                     indf1           equ	4071
    65   000FDF                     indf2           equ	4063
    66   000FF2                     intcon          equ	4082
    67   000000                     nvmcon          equ	0
    68   000FF9                     pcl             equ	4089
    69   000FFA                     pclath          equ	4090
    70   000FFB                     pclatu          equ	4091
    71   000FEB                     plusw0          equ	4075
    72   000FE3                     plusw1          equ	4067
    73   000FDB                     plusw2          equ	4059
    74   000FED                     postdec0        equ	4077
    75   000FE5                     postdec1        equ	4069
    76   000FDD                     postdec2        equ	4061
    77   000FEE                     postinc0        equ	4078
    78   000FE6                     postinc1        equ	4070
    79   000FDE                     postinc2        equ	4062
    80   000FEC                     preinc0         equ	4076
    81   000FE4                     preinc1         equ	4068
    82   000FDC                     preinc2         equ	4060
    83   000FF3                     prod            equ	4083
    84   000FF4                     prodh           equ	4084
    85   000FF3                     prodl           equ	4083
    86   000FD8                     status          equ	4056
    87   000FF5                     tablat          equ	4085
    88   000FF6                     tblptr          equ	4086
    89   000FF7                     tblptrh         equ	4087
    90   000FF6                     tblptrl         equ	4086
    91   000FF8                     tblptru         equ	4088
    92   000FFD                     tosl            equ	4093
    93   000FE8                     wreg            equ	4072
    94   000D60                     RXF6SIDH        equ	3424	;# 
    95   000D61                     RXF6SIDL        equ	3425	;# 
    96   000D62                     RXF6EIDH        equ	3426	;# 
    97   000D63                     RXF6EIDL        equ	3427	;# 
    98   000D64                     RXF7SIDH        equ	3428	;# 
    99   000D65                     RXF7SIDL        equ	3429	;# 
   100   000D66                     RXF7EIDH        equ	3430	;# 
   101   000D67                     RXF7EIDL        equ	3431	;# 
   102   000D68                     RXF8SIDH        equ	3432	;# 
   103   000D69                     RXF8SIDL        equ	3433	;# 
   104   000D6A                     RXF8EIDH        equ	3434	;# 
   105   000D6B                     RXF8EIDL        equ	3435	;# 
   106   000D70                     RXF9SIDH        equ	3440	;# 
   107   000D71                     RXF9SIDL        equ	3441	;# 
   108   000D72                     RXF9EIDH        equ	3442	;# 
   109   000D73                     RXF9EIDL        equ	3443	;# 
   110   000D74                     RXF10SIDH       equ	3444	;# 
   111   000D75                     RXF10SIDL       equ	3445	;# 
   112   000D76                     RXF10EIDH       equ	3446	;# 
   113   000D77                     RXF10EIDL       equ	3447	;# 
   114   000D78                     RXF11SIDH       equ	3448	;# 
   115   000D79                     RXF11SIDL       equ	3449	;# 
   116   000D7A                     RXF11EIDH       equ	3450	;# 
   117   000D7B                     RXF11EIDL       equ	3451	;# 
   118   000D80                     RXF12SIDH       equ	3456	;# 
   119   000D81                     RXF12SIDL       equ	3457	;# 
   120   000D82                     RXF12EIDH       equ	3458	;# 
   121   000D83                     RXF12EIDL       equ	3459	;# 
   122   000D84                     RXF13SIDH       equ	3460	;# 
   123   000D85                     RXF13SIDL       equ	3461	;# 
   124   000D86                     RXF13EIDH       equ	3462	;# 
   125   000D87                     RXF13EIDL       equ	3463	;# 
   126   000D88                     RXF14SIDH       equ	3464	;# 
   127   000D89                     RXF14SIDL       equ	3465	;# 
   128   000D8A                     RXF14EIDH       equ	3466	;# 
   129   000D8B                     RXF14EIDL       equ	3467	;# 
   130   000D90                     RXF15SIDH       equ	3472	;# 
   131   000D91                     RXF15SIDL       equ	3473	;# 
   132   000D92                     RXF15EIDH       equ	3474	;# 
   133   000D93                     RXF15EIDL       equ	3475	;# 
   134   000DD4                     RXFCON0         equ	3540	;# 
   135   000DD5                     RXFCON1         equ	3541	;# 
   136   000DD8                     SDFLC           equ	3544	;# 
   137   000DE0                     RXFBCON0        equ	3552	;# 
   138   000DE1                     RXFBCON1        equ	3553	;# 
   139   000DE2                     RXFBCON2        equ	3554	;# 
   140   000DE3                     RXFBCON3        equ	3555	;# 
   141   000DE4                     RXFBCON4        equ	3556	;# 
   142   000DE5                     RXFBCON5        equ	3557	;# 
   143   000DE6                     RXFBCON6        equ	3558	;# 
   144   000DE7                     RXFBCON7        equ	3559	;# 
   145   000DF0                     MSEL0           equ	3568	;# 
   146   000DF1                     MSEL1           equ	3569	;# 
   147   000DF2                     MSEL2           equ	3570	;# 
   148   000DF3                     MSEL3           equ	3571	;# 
   149   000DF8                     BSEL0           equ	3576	;# 
   150   000DFA                     BIE0            equ	3578	;# 
   151   000DFC                     TXBIE           equ	3580	;# 
   152   000E20                     B0CON           equ	3616	;# 
   153   000E21                     B0SIDH          equ	3617	;# 
   154   000E22                     B0SIDL          equ	3618	;# 
   155   000E23                     B0EIDH          equ	3619	;# 
   156   000E24                     B0EIDL          equ	3620	;# 
   157   000E25                     B0DLC           equ	3621	;# 
   158   000E26                     B0D0            equ	3622	;# 
   159   000E27                     B0D1            equ	3623	;# 
   160   000E28                     B0D2            equ	3624	;# 
   161   000E29                     B0D3            equ	3625	;# 
   162   000E2A                     B0D4            equ	3626	;# 
   163   000E2B                     B0D5            equ	3627	;# 
   164   000E2C                     B0D6            equ	3628	;# 
   165   000E2D                     B0D7            equ	3629	;# 
   166   000E2E                     CANSTAT_RO9     equ	3630	;# 
   167   000E2F                     CANCON_RO9      equ	3631	;# 
   168   000E30                     B1CON           equ	3632	;# 
   169   000E31                     B1SIDH          equ	3633	;# 
   170   000E32                     B1SIDL          equ	3634	;# 
   171   000E33                     B1EIDH          equ	3635	;# 
   172   000E34                     B1EIDL          equ	3636	;# 
   173   000E35                     B1DLC           equ	3637	;# 
   174   000E36                     B1D0            equ	3638	;# 
   175   000E37                     B1D1            equ	3639	;# 
   176   000E38                     B1D2            equ	3640	;# 
   177   000E39                     B1D3            equ	3641	;# 
   178   000E3A                     B1D4            equ	3642	;# 
   179   000E3B                     B1D5            equ	3643	;# 
   180   000E3C                     B1D6            equ	3644	;# 
   181   000E3D                     B1D7            equ	3645	;# 
   182   000E3E                     CANSTAT_RO8     equ	3646	;# 
   183   000E3F                     CANCON_RO8      equ	3647	;# 
   184   000E40                     B2CON           equ	3648	;# 
   185   000E41                     B2SIDH          equ	3649	;# 
   186   000E42                     B2SIDL          equ	3650	;# 
   187   000E43                     B2EIDH          equ	3651	;# 
   188   000E44                     B2EIDL          equ	3652	;# 
   189   000E45                     B2DLC           equ	3653	;# 
   190   000E46                     B2D0            equ	3654	;# 
   191   000E47                     B2D1            equ	3655	;# 
   192   000E48                     B2D2            equ	3656	;# 
   193   000E49                     B2D3            equ	3657	;# 
   194   000E4A                     B2D4            equ	3658	;# 
   195   000E4B                     B2D5            equ	3659	;# 
   196   000E4C                     B2D6            equ	3660	;# 
   197   000E4D                     B2D7            equ	3661	;# 
   198   000E4E                     CANSTAT_RO7     equ	3662	;# 
   199   000E4F                     CANCON_RO7      equ	3663	;# 
   200   000E50                     B3CON           equ	3664	;# 
   201   000E51                     B3SIDH          equ	3665	;# 
   202   000E52                     B3SIDL          equ	3666	;# 
   203   000E53                     B3EIDH          equ	3667	;# 
   204   000E54                     B3EIDL          equ	3668	;# 
   205   000E55                     B3DLC           equ	3669	;# 
   206   000E56                     B3D0            equ	3670	;# 
   207   000E57                     B3D1            equ	3671	;# 
   208   000E58                     B3D2            equ	3672	;# 
   209   000E59                     B3D3            equ	3673	;# 
   210   000E5A                     B3D4            equ	3674	;# 
   211   000E5B                     B3D5            equ	3675	;# 
   212   000E5C                     B3D6            equ	3676	;# 
   213   000E5D                     B3D7            equ	3677	;# 
   214   000E5E                     CANSTAT_RO6     equ	3678	;# 
   215   000E5F                     CANCON_RO6      equ	3679	;# 
   216   000E60                     B4CON           equ	3680	;# 
   217   000E61                     B4SIDH          equ	3681	;# 
   218   000E62                     B4SIDL          equ	3682	;# 
   219   000E63                     B4EIDH          equ	3683	;# 
   220   000E64                     B4EIDL          equ	3684	;# 
   221   000E65                     B4DLC           equ	3685	;# 
   222   000E66                     B4D0            equ	3686	;# 
   223   000E67                     B4D1            equ	3687	;# 
   224   000E68                     B4D2            equ	3688	;# 
   225   000E69                     B4D3            equ	3689	;# 
   226   000E6A                     B4D4            equ	3690	;# 
   227   000E6B                     B4D5            equ	3691	;# 
   228   000E6C                     B4D6            equ	3692	;# 
   229   000E6D                     B4D7            equ	3693	;# 
   230   000E6E                     CANSTAT_RO5     equ	3694	;# 
   231   000E6F                     CANCON_RO5      equ	3695	;# 
   232   000E70                     B5CON           equ	3696	;# 
   233   000E71                     B5SIDH          equ	3697	;# 
   234   000E72                     B5SIDL          equ	3698	;# 
   235   000E73                     B5EIDH          equ	3699	;# 
   236   000E74                     B5EIDL          equ	3700	;# 
   237   000E75                     B5DLC           equ	3701	;# 
   238   000E76                     B5D0            equ	3702	;# 
   239   000E77                     B5D1            equ	3703	;# 
   240   000E78                     B5D2            equ	3704	;# 
   241   000E79                     B5D3            equ	3705	;# 
   242   000E7A                     B5D4            equ	3706	;# 
   243   000E7B                     B5D5            equ	3707	;# 
   244   000E7C                     B5D6            equ	3708	;# 
   245   000E7D                     B5D7            equ	3709	;# 
   246   000E7E                     CANSTAT_RO4     equ	3710	;# 
   247   000E7F                     CANCON_RO4      equ	3711	;# 
   248   000F00                     RXF0SIDH        equ	3840	;# 
   249   000F01                     RXF0SIDL        equ	3841	;# 
   250   000F02                     RXF0EIDH        equ	3842	;# 
   251   000F03                     RXF0EIDL        equ	3843	;# 
   252   000F04                     RXF1SIDH        equ	3844	;# 
   253   000F05                     RXF1SIDL        equ	3845	;# 
   254   000F06                     RXF1EIDH        equ	3846	;# 
   255   000F07                     RXF1EIDL        equ	3847	;# 
   256   000F08                     RXF2SIDH        equ	3848	;# 
   257   000F09                     RXF2SIDL        equ	3849	;# 
   258   000F0A                     RXF2EIDH        equ	3850	;# 
   259   000F0B                     RXF2EIDL        equ	3851	;# 
   260   000F0C                     RXF3SIDH        equ	3852	;# 
   261   000F0D                     RXF3SIDL        equ	3853	;# 
   262   000F0E                     RXF3EIDH        equ	3854	;# 
   263   000F0F                     RXF3EIDL        equ	3855	;# 
   264   000F10                     RXF4SIDH        equ	3856	;# 
   265   000F11                     RXF4SIDL        equ	3857	;# 
   266   000F12                     RXF4EIDH        equ	3858	;# 
   267   000F13                     RXF4EIDL        equ	3859	;# 
   268   000F14                     RXF5SIDH        equ	3860	;# 
   269   000F15                     RXF5SIDL        equ	3861	;# 
   270   000F16                     RXF5EIDH        equ	3862	;# 
   271   000F17                     RXF5EIDL        equ	3863	;# 
   272   000F18                     RXM0SIDH        equ	3864	;# 
   273   000F19                     RXM0SIDL        equ	3865	;# 
   274   000F1A                     RXM0EIDH        equ	3866	;# 
   275   000F1B                     RXM0EIDL        equ	3867	;# 
   276   000F1C                     RXM1SIDH        equ	3868	;# 
   277   000F1D                     RXM1SIDL        equ	3869	;# 
   278   000F1E                     RXM1EIDH        equ	3870	;# 
   279   000F1F                     RXM1EIDL        equ	3871	;# 
   280   000F20                     TXB2CON         equ	3872	;# 
   281   000F21                     TXB2SIDH        equ	3873	;# 
   282   000F22                     TXB2SIDL        equ	3874	;# 
   283   000F23                     TXB2EIDH        equ	3875	;# 
   284   000F24                     TXB2EIDL        equ	3876	;# 
   285   000F25                     TXB2DLC         equ	3877	;# 
   286   000F26                     TXB2D0          equ	3878	;# 
   287   000F27                     TXB2D1          equ	3879	;# 
   288   000F28                     TXB2D2          equ	3880	;# 
   289   000F29                     TXB2D3          equ	3881	;# 
   290   000F2A                     TXB2D4          equ	3882	;# 
   291   000F2B                     TXB2D5          equ	3883	;# 
   292   000F2C                     TXB2D6          equ	3884	;# 
   293   000F2D                     TXB2D7          equ	3885	;# 
   294   000F2E                     CANSTAT_RO3     equ	3886	;# 
   295   000F2F                     CANCON_RO3      equ	3887	;# 
   296   000F30                     TXB1CON         equ	3888	;# 
   297   000F31                     TXB1SIDH        equ	3889	;# 
   298   000F32                     TXB1SIDL        equ	3890	;# 
   299   000F33                     TXB1EIDH        equ	3891	;# 
   300   000F34                     TXB1EIDL        equ	3892	;# 
   301   000F35                     TXB1DLC         equ	3893	;# 
   302   000F36                     TXB1D0          equ	3894	;# 
   303   000F37                     TXB1D1          equ	3895	;# 
   304   000F38                     TXB1D2          equ	3896	;# 
   305   000F39                     TXB1D3          equ	3897	;# 
   306   000F3A                     TXB1D4          equ	3898	;# 
   307   000F3B                     TXB1D5          equ	3899	;# 
   308   000F3C                     TXB1D6          equ	3900	;# 
   309   000F3D                     TXB1D7          equ	3901	;# 
   310   000F3E                     CANSTAT_RO2     equ	3902	;# 
   311   000F3F                     CANCON_RO2      equ	3903	;# 
   312   000F40                     TXB0CON         equ	3904	;# 
   313   000F41                     TXB0SIDH        equ	3905	;# 
   314   000F42                     TXB0SIDL        equ	3906	;# 
   315   000F43                     TXB0EIDH        equ	3907	;# 
   316   000F44                     TXB0EIDL        equ	3908	;# 
   317   000F45                     TXB0DLC         equ	3909	;# 
   318   000F46                     TXB0D0          equ	3910	;# 
   319   000F47                     TXB0D1          equ	3911	;# 
   320   000F48                     TXB0D2          equ	3912	;# 
   321   000F49                     TXB0D3          equ	3913	;# 
   322   000F4A                     TXB0D4          equ	3914	;# 
   323   000F4B                     TXB0D5          equ	3915	;# 
   324   000F4C                     TXB0D6          equ	3916	;# 
   325   000F4D                     TXB0D7          equ	3917	;# 
   326   000F4E                     CANSTAT_RO1     equ	3918	;# 
   327   000F4F                     CANCON_RO1      equ	3919	;# 
   328   000F50                     RXB1CON         equ	3920	;# 
   329   000F51                     RXB1SIDH        equ	3921	;# 
   330   000F52                     RXB1SIDL        equ	3922	;# 
   331   000F53                     RXB1EIDH        equ	3923	;# 
   332   000F54                     RXB1EIDL        equ	3924	;# 
   333   000F55                     RXB1DLC         equ	3925	;# 
   334   000F56                     RXB1D0          equ	3926	;# 
   335   000F57                     RXB1D1          equ	3927	;# 
   336   000F58                     RXB1D2          equ	3928	;# 
   337   000F59                     RXB1D3          equ	3929	;# 
   338   000F5A                     RXB1D4          equ	3930	;# 
   339   000F5B                     RXB1D5          equ	3931	;# 
   340   000F5C                     RXB1D6          equ	3932	;# 
   341   000F5D                     RXB1D7          equ	3933	;# 
   342   000F5E                     CANSTAT_RO0     equ	3934	;# 
   343   000F5F                     CANCON_RO0      equ	3935	;# 
   344   000F60                     RXB0CON         equ	3936	;# 
   345   000F61                     RXB0SIDH        equ	3937	;# 
   346   000F62                     RXB0SIDL        equ	3938	;# 
   347   000F63                     RXB0EIDH        equ	3939	;# 
   348   000F64                     RXB0EIDL        equ	3940	;# 
   349   000F65                     RXB0DLC         equ	3941	;# 
   350   000F66                     RXB0D0          equ	3942	;# 
   351   000F67                     RXB0D1          equ	3943	;# 
   352   000F68                     RXB0D2          equ	3944	;# 
   353   000F69                     RXB0D3          equ	3945	;# 
   354   000F6A                     RXB0D4          equ	3946	;# 
   355   000F6B                     RXB0D5          equ	3947	;# 
   356   000F6C                     RXB0D6          equ	3948	;# 
   357   000F6D                     RXB0D7          equ	3949	;# 
   358   000F6E                     CANSTAT         equ	3950	;# 
   359   000F6F                     CANCON          equ	3951	;# 
   360   000F70                     BRGCON1         equ	3952	;# 
   361   000F71                     BRGCON2         equ	3953	;# 
   362   000F72                     BRGCON3         equ	3954	;# 
   363   000F73                     CIOCON          equ	3955	;# 
   364   000F74                     COMSTAT         equ	3956	;# 
   365   000F75                     RXERRCNT        equ	3957	;# 
   366   000F76                     TXERRCNT        equ	3958	;# 
   367   000F77                     ECANCON         equ	3959	;# 
   368   000F80                     PORTA           equ	3968	;# 
   369   000F81                     PORTB           equ	3969	;# 
   370   000F82                     PORTC           equ	3970	;# 
   371   000F83                     PORTD           equ	3971	;# 
   372   000F84                     PORTE           equ	3972	;# 
   373   000F89                     LATA            equ	3977	;# 
   374   000F8A                     LATB            equ	3978	;# 
   375   000F8B                     LATC            equ	3979	;# 
   376   000F8C                     LATD            equ	3980	;# 
   377   000F8D                     LATE            equ	3981	;# 
   378   000F92                     TRISA           equ	3986	;# 
   379   000F92                     DDRA            equ	3986	;# 
   380   000F93                     TRISB           equ	3987	;# 
   381   000F93                     DDRB            equ	3987	;# 
   382   000F94                     TRISC           equ	3988	;# 
   383   000F94                     DDRC            equ	3988	;# 
   384   000F95                     TRISD           equ	3989	;# 
   385   000F95                     DDRD            equ	3989	;# 
   386   000F96                     TRISE           equ	3990	;# 
   387   000F96                     DDRE            equ	3990	;# 
   388   000F9B                     OSCTUNE         equ	3995	;# 
   389   000F9D                     PIE1            equ	3997	;# 
   390   000F9E                     PIR1            equ	3998	;# 
   391   000F9F                     IPR1            equ	3999	;# 
   392   000FA0                     PIE2            equ	4000	;# 
   393   000FA1                     PIR2            equ	4001	;# 
   394   000FA2                     IPR2            equ	4002	;# 
   395   000FA3                     PIE3            equ	4003	;# 
   396   000FA4                     PIR3            equ	4004	;# 
   397   000FA5                     IPR3            equ	4005	;# 
   398   000FA6                     EECON1          equ	4006	;# 
   399   000FA7                     EECON2          equ	4007	;# 
   400   000FA8                     EEDATA          equ	4008	;# 
   401   000FA9                     EEADR           equ	4009	;# 
   402   000FAB                     RCSTA           equ	4011	;# 
   403   000FAB                     RCSTA1          equ	4011	;# 
   404   000FAC                     TXSTA           equ	4012	;# 
   405   000FAC                     TXSTA1          equ	4012	;# 
   406   000FAD                     TXREG           equ	4013	;# 
   407   000FAD                     TXREG1          equ	4013	;# 
   408   000FAE                     RCREG           equ	4014	;# 
   409   000FAE                     RCREG1          equ	4014	;# 
   410   000FAF                     SPBRG           equ	4015	;# 
   411   000FAF                     SPBRG1          equ	4015	;# 
   412   000FB0                     SPBRGH          equ	4016	;# 
   413   000FB1                     T3CON           equ	4017	;# 
   414   000FB2                     TMR3            equ	4018	;# 
   415   000FB2                     TMR3L           equ	4018	;# 
   416   000FB3                     TMR3H           equ	4019	;# 
   417   000FB4                     CMCON           equ	4020	;# 
   418   000FB5                     CVRCON          equ	4021	;# 
   419   000FB6                     ECCP1AS         equ	4022	;# 
   420   000FB7                     ECCP1DEL        equ	4023	;# 
   421   000FB8                     BAUDCON         equ	4024	;# 
   422   000FB8                     BAUDCTL         equ	4024	;# 
   423   000FBA                     ECCP1CON        equ	4026	;# 
   424   000FBB                     ECCPR1          equ	4027	;# 
   425   000FBB                     ECCPR1L         equ	4027	;# 
   426   000FBC                     ECCPR1H         equ	4028	;# 
   427   000FBD                     CCP1CON         equ	4029	;# 
   428   000FBE                     CCPR1           equ	4030	;# 
   429   000FBE                     CCPR1L          equ	4030	;# 
   430   000FBF                     CCPR1H          equ	4031	;# 
   431   000FC0                     ADCON2          equ	4032	;# 
   432   000FC1                     ADCON1          equ	4033	;# 
   433   000FC2                     ADCON0          equ	4034	;# 
   434   000FC3                     ADRES           equ	4035	;# 
   435   000FC3                     ADRESL          equ	4035	;# 
   436   000FC4                     ADRESH          equ	4036	;# 
   437   000FC5                     SSPCON2         equ	4037	;# 
   438   000FC6                     SSPCON1         equ	4038	;# 
   439   000FC7                     SSPSTAT         equ	4039	;# 
   440   000FC8                     SSPADD          equ	4040	;# 
   441   000FC9                     SSPBUF          equ	4041	;# 
   442   000FCA                     T2CON           equ	4042	;# 
   443   000FCB                     PR2             equ	4043	;# 
   444   000FCB                     MEMCON          equ	4043	;# 
   445   000FCC                     TMR2            equ	4044	;# 
   446   000FCD                     T1CON           equ	4045	;# 
   447   000FCE                     TMR1            equ	4046	;# 
   448   000FCE                     TMR1L           equ	4046	;# 
   449   000FCF                     TMR1H           equ	4047	;# 
   450   000FD0                     RCON            equ	4048	;# 
   451   000FD1                     WDTCON          equ	4049	;# 
   452   000FD2                     HLVDCON         equ	4050	;# 
   453   000FD2                     LVDCON          equ	4050	;# 
   454   000FD3                     OSCCON          equ	4051	;# 
   455   000FD5                     T0CON           equ	4053	;# 
   456   000FD6                     TMR0            equ	4054	;# 
   457   000FD6                     TMR0L           equ	4054	;# 
   458   000FD7                     TMR0H           equ	4055	;# 
   459   000FD8                     STATUS          equ	4056	;# 
   460   000FD9                     FSR2            equ	4057	;# 
   461   000FD9                     FSR2L           equ	4057	;# 
   462   000FDA                     FSR2H           equ	4058	;# 
   463   000FDB                     PLUSW2          equ	4059	;# 
   464   000FDC                     PREINC2         equ	4060	;# 
   465   000FDD                     POSTDEC2        equ	4061	;# 
   466   000FDE                     POSTINC2        equ	4062	;# 
   467   000FDF                     INDF2           equ	4063	;# 
   468   000FE0                     BSR             equ	4064	;# 
   469   000FE1                     FSR1            equ	4065	;# 
   470   000FE1                     FSR1L           equ	4065	;# 
   471   000FE2                     FSR1H           equ	4066	;# 
   472   000FE3                     PLUSW1          equ	4067	;# 
   473   000FE4                     PREINC1         equ	4068	;# 
   474   000FE5                     POSTDEC1        equ	4069	;# 
   475   000FE6                     POSTINC1        equ	4070	;# 
   476   000FE7                     INDF1           equ	4071	;# 
   477   000FE8                     WREG            equ	4072	;# 
   478   000FE9                     FSR0            equ	4073	;# 
   479   000FE9                     FSR0L           equ	4073	;# 
   480   000FEA                     FSR0H           equ	4074	;# 
   481   000FEB                     PLUSW0          equ	4075	;# 
   482   000FEC                     PREINC0         equ	4076	;# 
   483   000FED                     POSTDEC0        equ	4077	;# 
   484   000FEE                     POSTINC0        equ	4078	;# 
   485   000FEF                     INDF0           equ	4079	;# 
   486   000FF0                     INTCON3         equ	4080	;# 
   487   000FF1                     INTCON2         equ	4081	;# 
   488   000FF2                     INTCON          equ	4082	;# 
   489   000FF3                     PROD            equ	4083	;# 
   490   000FF3                     PRODL           equ	4083	;# 
   491   000FF4                     PRODH           equ	4084	;# 
   492   000FF5                     TABLAT          equ	4085	;# 
   493   000FF6                     TBLPTR          equ	4086	;# 
   494   000FF6                     TBLPTRL         equ	4086	;# 
   495   000FF7                     TBLPTRH         equ	4087	;# 
   496   000FF8                     TBLPTRU         equ	4088	;# 
   497   000FF9                     PCLAT           equ	4089	;# 
   498   000FF9                     PC              equ	4089	;# 
   499   000FF9                     PCL             equ	4089	;# 
   500   000FFA                     PCLATH          equ	4090	;# 
   501   000FFB                     PCLATU          equ	4091	;# 
   502   000FFC                     STKPTR          equ	4092	;# 
   503   000FFD                     TOS             equ	4093	;# 
   504   000FFD                     TOSL            equ	4093	;# 
   505   000FFE                     TOSH            equ	4094	;# 
   506   000FFF                     TOSU            equ	4095	;# 
   507   000D60                     RXF6SIDH        equ	3424	;# 
   508   000D61                     RXF6SIDL        equ	3425	;# 
   509   000D62                     RXF6EIDH        equ	3426	;# 
   510   000D63                     RXF6EIDL        equ	3427	;# 
   511   000D64                     RXF7SIDH        equ	3428	;# 
   512   000D65                     RXF7SIDL        equ	3429	;# 
   513   000D66                     RXF7EIDH        equ	3430	;# 
   514   000D67                     RXF7EIDL        equ	3431	;# 
   515   000D68                     RXF8SIDH        equ	3432	;# 
   516   000D69                     RXF8SIDL        equ	3433	;# 
   517   000D6A                     RXF8EIDH        equ	3434	;# 
   518   000D6B                     RXF8EIDL        equ	3435	;# 
   519   000D70                     RXF9SIDH        equ	3440	;# 
   520   000D71                     RXF9SIDL        equ	3441	;# 
   521   000D72                     RXF9EIDH        equ	3442	;# 
   522   000D73                     RXF9EIDL        equ	3443	;# 
   523   000D74                     RXF10SIDH       equ	3444	;# 
   524   000D75                     RXF10SIDL       equ	3445	;# 
   525   000D76                     RXF10EIDH       equ	3446	;# 
   526   000D77                     RXF10EIDL       equ	3447	;# 
   527   000D78                     RXF11SIDH       equ	3448	;# 
   528   000D79                     RXF11SIDL       equ	3449	;# 
   529   000D7A                     RXF11EIDH       equ	3450	;# 
   530   000D7B                     RXF11EIDL       equ	3451	;# 
   531   000D80                     RXF12SIDH       equ	3456	;# 
   532   000D81                     RXF12SIDL       equ	3457	;# 
   533   000D82                     RXF12EIDH       equ	3458	;# 
   534   000D83                     RXF12EIDL       equ	3459	;# 
   535   000D84                     RXF13SIDH       equ	3460	;# 
   536   000D85                     RXF13SIDL       equ	3461	;# 
   537   000D86                     RXF13EIDH       equ	3462	;# 
   538   000D87                     RXF13EIDL       equ	3463	;# 
   539   000D88                     RXF14SIDH       equ	3464	;# 
   540   000D89                     RXF14SIDL       equ	3465	;# 
   541   000D8A                     RXF14EIDH       equ	3466	;# 
   542   000D8B                     RXF14EIDL       equ	3467	;# 
   543   000D90                     RXF15SIDH       equ	3472	;# 
   544   000D91                     RXF15SIDL       equ	3473	;# 
   545   000D92                     RXF15EIDH       equ	3474	;# 
   546   000D93                     RXF15EIDL       equ	3475	;# 
   547   000DD4                     RXFCON0         equ	3540	;# 
   548   000DD5                     RXFCON1         equ	3541	;# 
   549   000DD8                     SDFLC           equ	3544	;# 
   550   000DE0                     RXFBCON0        equ	3552	;# 
   551   000DE1                     RXFBCON1        equ	3553	;# 
   552   000DE2                     RXFBCON2        equ	3554	;# 
   553   000DE3                     RXFBCON3        equ	3555	;# 
   554   000DE4                     RXFBCON4        equ	3556	;# 
   555   000DE5                     RXFBCON5        equ	3557	;# 
   556   000DE6                     RXFBCON6        equ	3558	;# 
   557   000DE7                     RXFBCON7        equ	3559	;# 
   558   000DF0                     MSEL0           equ	3568	;# 
   559   000DF1                     MSEL1           equ	3569	;# 
   560   000DF2                     MSEL2           equ	3570	;# 
   561   000DF3                     MSEL3           equ	3571	;# 
   562   000DF8                     BSEL0           equ	3576	;# 
   563   000DFA                     BIE0            equ	3578	;# 
   564   000DFC                     TXBIE           equ	3580	;# 
   565   000E20                     B0CON           equ	3616	;# 
   566   000E21                     B0SIDH          equ	3617	;# 
   567   000E22                     B0SIDL          equ	3618	;# 
   568   000E23                     B0EIDH          equ	3619	;# 
   569   000E24                     B0EIDL          equ	3620	;# 
   570   000E25                     B0DLC           equ	3621	;# 
   571   000E26                     B0D0            equ	3622	;# 
   572   000E27                     B0D1            equ	3623	;# 
   573   000E28                     B0D2            equ	3624	;# 
   574   000E29                     B0D3            equ	3625	;# 
   575   000E2A                     B0D4            equ	3626	;# 
   576   000E2B                     B0D5            equ	3627	;# 
   577   000E2C                     B0D6            equ	3628	;# 
   578   000E2D                     B0D7            equ	3629	;# 
   579   000E2E                     CANSTAT_RO9     equ	3630	;# 
   580   000E2F                     CANCON_RO9      equ	3631	;# 
   581   000E30                     B1CON           equ	3632	;# 
   582   000E31                     B1SIDH          equ	3633	;# 
   583   000E32                     B1SIDL          equ	3634	;# 
   584   000E33                     B1EIDH          equ	3635	;# 
   585   000E34                     B1EIDL          equ	3636	;# 
   586   000E35                     B1DLC           equ	3637	;# 
   587   000E36                     B1D0            equ	3638	;# 
   588   000E37                     B1D1            equ	3639	;# 
   589   000E38                     B1D2            equ	3640	;# 
   590   000E39                     B1D3            equ	3641	;# 
   591   000E3A                     B1D4            equ	3642	;# 
   592   000E3B                     B1D5            equ	3643	;# 
   593   000E3C                     B1D6            equ	3644	;# 
   594   000E3D                     B1D7            equ	3645	;# 
   595   000E3E                     CANSTAT_RO8     equ	3646	;# 
   596   000E3F                     CANCON_RO8      equ	3647	;# 
   597   000E40                     B2CON           equ	3648	;# 
   598   000E41                     B2SIDH          equ	3649	;# 
   599   000E42                     B2SIDL          equ	3650	;# 
   600   000E43                     B2EIDH          equ	3651	;# 
   601   000E44                     B2EIDL          equ	3652	;# 
   602   000E45                     B2DLC           equ	3653	;# 
   603   000E46                     B2D0            equ	3654	;# 
   604   000E47                     B2D1            equ	3655	;# 
   605   000E48                     B2D2            equ	3656	;# 
   606   000E49                     B2D3            equ	3657	;# 
   607   000E4A                     B2D4            equ	3658	;# 
   608   000E4B                     B2D5            equ	3659	;# 
   609   000E4C                     B2D6            equ	3660	;# 
   610   000E4D                     B2D7            equ	3661	;# 
   611   000E4E                     CANSTAT_RO7     equ	3662	;# 
   612   000E4F                     CANCON_RO7      equ	3663	;# 
   613   000E50                     B3CON           equ	3664	;# 
   614   000E51                     B3SIDH          equ	3665	;# 
   615   000E52                     B3SIDL          equ	3666	;# 
   616   000E53                     B3EIDH          equ	3667	;# 
   617   000E54                     B3EIDL          equ	3668	;# 
   618   000E55                     B3DLC           equ	3669	;# 
   619   000E56                     B3D0            equ	3670	;# 
   620   000E57                     B3D1            equ	3671	;# 
   621   000E58                     B3D2            equ	3672	;# 
   622   000E59                     B3D3            equ	3673	;# 
   623   000E5A                     B3D4            equ	3674	;# 
   624   000E5B                     B3D5            equ	3675	;# 
   625   000E5C                     B3D6            equ	3676	;# 
   626   000E5D                     B3D7            equ	3677	;# 
   627   000E5E                     CANSTAT_RO6     equ	3678	;# 
   628   000E5F                     CANCON_RO6      equ	3679	;# 
   629   000E60                     B4CON           equ	3680	;# 
   630   000E61                     B4SIDH          equ	3681	;# 
   631   000E62                     B4SIDL          equ	3682	;# 
   632   000E63                     B4EIDH          equ	3683	;# 
   633   000E64                     B4EIDL          equ	3684	;# 
   634   000E65                     B4DLC           equ	3685	;# 
   635   000E66                     B4D0            equ	3686	;# 
   636   000E67                     B4D1            equ	3687	;# 
   637   000E68                     B4D2            equ	3688	;# 
   638   000E69                     B4D3            equ	3689	;# 
   639   000E6A                     B4D4            equ	3690	;# 
   640   000E6B                     B4D5            equ	3691	;# 
   641   000E6C                     B4D6            equ	3692	;# 
   642   000E6D                     B4D7            equ	3693	;# 
   643   000E6E                     CANSTAT_RO5     equ	3694	;# 
   644   000E6F                     CANCON_RO5      equ	3695	;# 
   645   000E70                     B5CON           equ	3696	;# 
   646   000E71                     B5SIDH          equ	3697	;# 
   647   000E72                     B5SIDL          equ	3698	;# 
   648   000E73                     B5EIDH          equ	3699	;# 
   649   000E74                     B5EIDL          equ	3700	;# 
   650   000E75                     B5DLC           equ	3701	;# 
   651   000E76                     B5D0            equ	3702	;# 
   652   000E77                     B5D1            equ	3703	;# 
   653   000E78                     B5D2            equ	3704	;# 
   654   000E79                     B5D3            equ	3705	;# 
   655   000E7A                     B5D4            equ	3706	;# 
   656   000E7B                     B5D5            equ	3707	;# 
   657   000E7C                     B5D6            equ	3708	;# 
   658   000E7D                     B5D7            equ	3709	;# 
   659   000E7E                     CANSTAT_RO4     equ	3710	;# 
   660   000E7F                     CANCON_RO4      equ	3711	;# 
   661   000F00                     RXF0SIDH        equ	3840	;# 
   662   000F01                     RXF0SIDL        equ	3841	;# 
   663   000F02                     RXF0EIDH        equ	3842	;# 
   664   000F03                     RXF0EIDL        equ	3843	;# 
   665   000F04                     RXF1SIDH        equ	3844	;# 
   666   000F05                     RXF1SIDL        equ	3845	;# 
   667   000F06                     RXF1EIDH        equ	3846	;# 
   668   000F07                     RXF1EIDL        equ	3847	;# 
   669   000F08                     RXF2SIDH        equ	3848	;# 
   670   000F09                     RXF2SIDL        equ	3849	;# 
   671   000F0A                     RXF2EIDH        equ	3850	;# 
   672   000F0B                     RXF2EIDL        equ	3851	;# 
   673   000F0C                     RXF3SIDH        equ	3852	;# 
   674   000F0D                     RXF3SIDL        equ	3853	;# 
   675   000F0E                     RXF3EIDH        equ	3854	;# 
   676   000F0F                     RXF3EIDL        equ	3855	;# 
   677   000F10                     RXF4SIDH        equ	3856	;# 
   678   000F11                     RXF4SIDL        equ	3857	;# 
   679   000F12                     RXF4EIDH        equ	3858	;# 
   680   000F13                     RXF4EIDL        equ	3859	;# 
   681   000F14                     RXF5SIDH        equ	3860	;# 
   682   000F15                     RXF5SIDL        equ	3861	;# 
   683   000F16                     RXF5EIDH        equ	3862	;# 
   684   000F17                     RXF5EIDL        equ	3863	;# 
   685   000F18                     RXM0SIDH        equ	3864	;# 
   686   000F19                     RXM0SIDL        equ	3865	;# 
   687   000F1A                     RXM0EIDH        equ	3866	;# 
   688   000F1B                     RXM0EIDL        equ	3867	;# 
   689   000F1C                     RXM1SIDH        equ	3868	;# 
   690   000F1D                     RXM1SIDL        equ	3869	;# 
   691   000F1E                     RXM1EIDH        equ	3870	;# 
   692   000F1F                     RXM1EIDL        equ	3871	;# 
   693   000F20                     TXB2CON         equ	3872	;# 
   694   000F21                     TXB2SIDH        equ	3873	;# 
   695   000F22                     TXB2SIDL        equ	3874	;# 
   696   000F23                     TXB2EIDH        equ	3875	;# 
   697   000F24                     TXB2EIDL        equ	3876	;# 
   698   000F25                     TXB2DLC         equ	3877	;# 
   699   000F26                     TXB2D0          equ	3878	;# 
   700   000F27                     TXB2D1          equ	3879	;# 
   701   000F28                     TXB2D2          equ	3880	;# 
   702   000F29                     TXB2D3          equ	3881	;# 
   703   000F2A                     TXB2D4          equ	3882	;# 
   704   000F2B                     TXB2D5          equ	3883	;# 
   705   000F2C                     TXB2D6          equ	3884	;# 
   706   000F2D                     TXB2D7          equ	3885	;# 
   707   000F2E                     CANSTAT_RO3     equ	3886	;# 
   708   000F2F                     CANCON_RO3      equ	3887	;# 
   709   000F30                     TXB1CON         equ	3888	;# 
   710   000F31                     TXB1SIDH        equ	3889	;# 
   711   000F32                     TXB1SIDL        equ	3890	;# 
   712   000F33                     TXB1EIDH        equ	3891	;# 
   713   000F34                     TXB1EIDL        equ	3892	;# 
   714   000F35                     TXB1DLC         equ	3893	;# 
   715   000F36                     TXB1D0          equ	3894	;# 
   716   000F37                     TXB1D1          equ	3895	;# 
   717   000F38                     TXB1D2          equ	3896	;# 
   718   000F39                     TXB1D3          equ	3897	;# 
   719   000F3A                     TXB1D4          equ	3898	;# 
   720   000F3B                     TXB1D5          equ	3899	;# 
   721   000F3C                     TXB1D6          equ	3900	;# 
   722   000F3D                     TXB1D7          equ	3901	;# 
   723   000F3E                     CANSTAT_RO2     equ	3902	;# 
   724   000F3F                     CANCON_RO2      equ	3903	;# 
   725   000F40                     TXB0CON         equ	3904	;# 
   726   000F41                     TXB0SIDH        equ	3905	;# 
   727   000F42                     TXB0SIDL        equ	3906	;# 
   728   000F43                     TXB0EIDH        equ	3907	;# 
   729   000F44                     TXB0EIDL        equ	3908	;# 
   730   000F45                     TXB0DLC         equ	3909	;# 
   731   000F46                     TXB0D0          equ	3910	;# 
   732   000F47                     TXB0D1          equ	3911	;# 
   733   000F48                     TXB0D2          equ	3912	;# 
   734   000F49                     TXB0D3          equ	3913	;# 
   735   000F4A                     TXB0D4          equ	3914	;# 
   736   000F4B                     TXB0D5          equ	3915	;# 
   737   000F4C                     TXB0D6          equ	3916	;# 
   738   000F4D                     TXB0D7          equ	3917	;# 
   739   000F4E                     CANSTAT_RO1     equ	3918	;# 
   740   000F4F                     CANCON_RO1      equ	3919	;# 
   741   000F50                     RXB1CON         equ	3920	;# 
   742   000F51                     RXB1SIDH        equ	3921	;# 
   743   000F52                     RXB1SIDL        equ	3922	;# 
   744   000F53                     RXB1EIDH        equ	3923	;# 
   745   000F54                     RXB1EIDL        equ	3924	;# 
   746   000F55                     RXB1DLC         equ	3925	;# 
   747   000F56                     RXB1D0          equ	3926	;# 
   748   000F57                     RXB1D1          equ	3927	;# 
   749   000F58                     RXB1D2          equ	3928	;# 
   750   000F59                     RXB1D3          equ	3929	;# 
   751   000F5A                     RXB1D4          equ	3930	;# 
   752   000F5B                     RXB1D5          equ	3931	;# 
   753   000F5C                     RXB1D6          equ	3932	;# 
   754   000F5D                     RXB1D7          equ	3933	;# 
   755   000F5E                     CANSTAT_RO0     equ	3934	;# 
   756   000F5F                     CANCON_RO0      equ	3935	;# 
   757   000F60                     RXB0CON         equ	3936	;# 
   758   000F61                     RXB0SIDH        equ	3937	;# 
   759   000F62                     RXB0SIDL        equ	3938	;# 
   760   000F63                     RXB0EIDH        equ	3939	;# 
   761   000F64                     RXB0EIDL        equ	3940	;# 
   762   000F65                     RXB0DLC         equ	3941	;# 
   763   000F66                     RXB0D0          equ	3942	;# 
   764   000F67                     RXB0D1          equ	3943	;# 
   765   000F68                     RXB0D2          equ	3944	;# 
   766   000F69                     RXB0D3          equ	3945	;# 
   767   000F6A                     RXB0D4          equ	3946	;# 
   768   000F6B                     RXB0D5          equ	3947	;# 
   769   000F6C                     RXB0D6          equ	3948	;# 
   770   000F6D                     RXB0D7          equ	3949	;# 
   771   000F6E                     CANSTAT         equ	3950	;# 
   772   000F6F                     CANCON          equ	3951	;# 
   773   000F70                     BRGCON1         equ	3952	;# 
   774   000F71                     BRGCON2         equ	3953	;# 
   775   000F72                     BRGCON3         equ	3954	;# 
   776   000F73                     CIOCON          equ	3955	;# 
   777   000F74                     COMSTAT         equ	3956	;# 
   778   000F75                     RXERRCNT        equ	3957	;# 
   779   000F76                     TXERRCNT        equ	3958	;# 
   780   000F77                     ECANCON         equ	3959	;# 
   781   000F80                     PORTA           equ	3968	;# 
   782   000F81                     PORTB           equ	3969	;# 
   783   000F82                     PORTC           equ	3970	;# 
   784   000F83                     PORTD           equ	3971	;# 
   785   000F84                     PORTE           equ	3972	;# 
   786   000F89                     LATA            equ	3977	;# 
   787   000F8A                     LATB            equ	3978	;# 
   788   000F8B                     LATC            equ	3979	;# 
   789   000F8C                     LATD            equ	3980	;# 
   790   000F8D                     LATE            equ	3981	;# 
   791   000F92                     TRISA           equ	3986	;# 
   792   000F92                     DDRA            equ	3986	;# 
   793   000F93                     TRISB           equ	3987	;# 
   794   000F93                     DDRB            equ	3987	;# 
   795   000F94                     TRISC           equ	3988	;# 
   796   000F94                     DDRC            equ	3988	;# 
   797   000F95                     TRISD           equ	3989	;# 
   798   000F95                     DDRD            equ	3989	;# 
   799   000F96                     TRISE           equ	3990	;# 
   800   000F96                     DDRE            equ	3990	;# 
   801   000F9B                     OSCTUNE         equ	3995	;# 
   802   000F9D                     PIE1            equ	3997	;# 
   803   000F9E                     PIR1            equ	3998	;# 
   804   000F9F                     IPR1            equ	3999	;# 
   805   000FA0                     PIE2            equ	4000	;# 
   806   000FA1                     PIR2            equ	4001	;# 
   807   000FA2                     IPR2            equ	4002	;# 
   808   000FA3                     PIE3            equ	4003	;# 
   809   000FA4                     PIR3            equ	4004	;# 
   810   000FA5                     IPR3            equ	4005	;# 
   811   000FA6                     EECON1          equ	4006	;# 
   812   000FA7                     EECON2          equ	4007	;# 
   813   000FA8                     EEDATA          equ	4008	;# 
   814   000FA9                     EEADR           equ	4009	;# 
   815   000FAB                     RCSTA           equ	4011	;# 
   816   000FAB                     RCSTA1          equ	4011	;# 
   817   000FAC                     TXSTA           equ	4012	;# 
   818   000FAC                     TXSTA1          equ	4012	;# 
   819   000FAD                     TXREG           equ	4013	;# 
   820   000FAD                     TXREG1          equ	4013	;# 
   821   000FAE                     RCREG           equ	4014	;# 
   822   000FAE                     RCREG1          equ	4014	;# 
   823   000FAF                     SPBRG           equ	4015	;# 
   824   000FAF                     SPBRG1          equ	4015	;# 
   825   000FB0                     SPBRGH          equ	4016	;# 
   826   000FB1                     T3CON           equ	4017	;# 
   827   000FB2                     TMR3            equ	4018	;# 
   828   000FB2                     TMR3L           equ	4018	;# 
   829   000FB3                     TMR3H           equ	4019	;# 
   830   000FB4                     CMCON           equ	4020	;# 
   831   000FB5                     CVRCON          equ	4021	;# 
   832   000FB6                     ECCP1AS         equ	4022	;# 
   833   000FB7                     ECCP1DEL        equ	4023	;# 
   834   000FB8                     BAUDCON         equ	4024	;# 
   835   000FB8                     BAUDCTL         equ	4024	;# 
   836   000FBA                     ECCP1CON        equ	4026	;# 
   837   000FBB                     ECCPR1          equ	4027	;# 
   838   000FBB                     ECCPR1L         equ	4027	;# 
   839   000FBC                     ECCPR1H         equ	4028	;# 
   840   000FBD                     CCP1CON         equ	4029	;# 
   841   000FBE                     CCPR1           equ	4030	;# 
   842   000FBE                     CCPR1L          equ	4030	;# 
   843   000FBF                     CCPR1H          equ	4031	;# 
   844   000FC0                     ADCON2          equ	4032	;# 
   845   000FC1                     ADCON1          equ	4033	;# 
   846   000FC2                     ADCON0          equ	4034	;# 
   847   000FC3                     ADRES           equ	4035	;# 
   848   000FC3                     ADRESL          equ	4035	;# 
   849   000FC4                     ADRESH          equ	4036	;# 
   850   000FC5                     SSPCON2         equ	4037	;# 
   851   000FC6                     SSPCON1         equ	4038	;# 
   852   000FC7                     SSPSTAT         equ	4039	;# 
   853   000FC8                     SSPADD          equ	4040	;# 
   854   000FC9                     SSPBUF          equ	4041	;# 
   855   000FCA                     T2CON           equ	4042	;# 
   856   000FCB                     PR2             equ	4043	;# 
   857   000FCB                     MEMCON          equ	4043	;# 
   858   000FCC                     TMR2            equ	4044	;# 
   859   000FCD                     T1CON           equ	4045	;# 
   860   000FCE                     TMR1            equ	4046	;# 
   861   000FCE                     TMR1L           equ	4046	;# 
   862   000FCF                     TMR1H           equ	4047	;# 
   863   000FD0                     RCON            equ	4048	;# 
   864   000FD1                     WDTCON          equ	4049	;# 
   865   000FD2                     HLVDCON         equ	4050	;# 
   866   000FD2                     LVDCON          equ	4050	;# 
   867   000FD3                     OSCCON          equ	4051	;# 
   868   000FD5                     T0CON           equ	4053	;# 
   869   000FD6                     TMR0            equ	4054	;# 
   870   000FD6                     TMR0L           equ	4054	;# 
   871   000FD7                     TMR0H           equ	4055	;# 
   872   000FD8                     STATUS          equ	4056	;# 
   873   000FD9                     FSR2            equ	4057	;# 
   874   000FD9                     FSR2L           equ	4057	;# 
   875   000FDA                     FSR2H           equ	4058	;# 
   876   000FDB                     PLUSW2          equ	4059	;# 
   877   000FDC                     PREINC2         equ	4060	;# 
   878   000FDD                     POSTDEC2        equ	4061	;# 
   879   000FDE                     POSTINC2        equ	4062	;# 
   880   000FDF                     INDF2           equ	4063	;# 
   881   000FE0                     BSR             equ	4064	;# 
   882   000FE1                     FSR1            equ	4065	;# 
   883   000FE1                     FSR1L           equ	4065	;# 
   884   000FE2                     FSR1H           equ	4066	;# 
   885   000FE3                     PLUSW1          equ	4067	;# 
   886   000FE4                     PREINC1         equ	4068	;# 
   887   000FE5                     POSTDEC1        equ	4069	;# 
   888   000FE6                     POSTINC1        equ	4070	;# 
   889   000FE7                     INDF1           equ	4071	;# 
   890   000FE8                     WREG            equ	4072	;# 
   891   000FE9                     FSR0            equ	4073	;# 
   892   000FE9                     FSR0L           equ	4073	;# 
   893   000FEA                     FSR0H           equ	4074	;# 
   894   000FEB                     PLUSW0          equ	4075	;# 
   895   000FEC                     PREINC0         equ	4076	;# 
   896   000FED                     POSTDEC0        equ	4077	;# 
   897   000FEE                     POSTINC0        equ	4078	;# 
   898   000FEF                     INDF0           equ	4079	;# 
   899   000FF0                     INTCON3         equ	4080	;# 
   900   000FF1                     INTCON2         equ	4081	;# 
   901   000FF2                     INTCON          equ	4082	;# 
   902   000FF3                     PROD            equ	4083	;# 
   903   000FF3                     PRODL           equ	4083	;# 
   904   000FF4                     PRODH           equ	4084	;# 
   905   000FF5                     TABLAT          equ	4085	;# 
   906   000FF6                     TBLPTR          equ	4086	;# 
   907   000FF6                     TBLPTRL         equ	4086	;# 
   908   000FF7                     TBLPTRH         equ	4087	;# 
   909   000FF8                     TBLPTRU         equ	4088	;# 
   910   000FF9                     PCLAT           equ	4089	;# 
   911   000FF9                     PC              equ	4089	;# 
   912   000FF9                     PCL             equ	4089	;# 
   913   000FFA                     PCLATH          equ	4090	;# 
   914   000FFB                     PCLATU          equ	4091	;# 
   915   000FFC                     STKPTR          equ	4092	;# 
   916   000FFD                     TOS             equ	4093	;# 
   917   000FFD                     TOSL            equ	4093	;# 
   918   000FFE                     TOSH            equ	4094	;# 
   919   000FFF                     TOSU            equ	4095	;# 
   920   000D60                     RXF6SIDH        equ	3424	;# 
   921   000D61                     RXF6SIDL        equ	3425	;# 
   922   000D62                     RXF6EIDH        equ	3426	;# 
   923   000D63                     RXF6EIDL        equ	3427	;# 
   924   000D64                     RXF7SIDH        equ	3428	;# 
   925   000D65                     RXF7SIDL        equ	3429	;# 
   926   000D66                     RXF7EIDH        equ	3430	;# 
   927   000D67                     RXF7EIDL        equ	3431	;# 
   928   000D68                     RXF8SIDH        equ	3432	;# 
   929   000D69                     RXF8SIDL        equ	3433	;# 
   930   000D6A                     RXF8EIDH        equ	3434	;# 
   931   000D6B                     RXF8EIDL        equ	3435	;# 
   932   000D70                     RXF9SIDH        equ	3440	;# 
   933   000D71                     RXF9SIDL        equ	3441	;# 
   934   000D72                     RXF9EIDH        equ	3442	;# 
   935   000D73                     RXF9EIDL        equ	3443	;# 
   936   000D74                     RXF10SIDH       equ	3444	;# 
   937   000D75                     RXF10SIDL       equ	3445	;# 
   938   000D76                     RXF10EIDH       equ	3446	;# 
   939   000D77                     RXF10EIDL       equ	3447	;# 
   940   000D78                     RXF11SIDH       equ	3448	;# 
   941   000D79                     RXF11SIDL       equ	3449	;# 
   942   000D7A                     RXF11EIDH       equ	3450	;# 
   943   000D7B                     RXF11EIDL       equ	3451	;# 
   944   000D80                     RXF12SIDH       equ	3456	;# 
   945   000D81                     RXF12SIDL       equ	3457	;# 
   946   000D82                     RXF12EIDH       equ	3458	;# 
   947   000D83                     RXF12EIDL       equ	3459	;# 
   948   000D84                     RXF13SIDH       equ	3460	;# 
   949   000D85                     RXF13SIDL       equ	3461	;# 
   950   000D86                     RXF13EIDH       equ	3462	;# 
   951   000D87                     RXF13EIDL       equ	3463	;# 
   952   000D88                     RXF14SIDH       equ	3464	;# 
   953   000D89                     RXF14SIDL       equ	3465	;# 
   954   000D8A                     RXF14EIDH       equ	3466	;# 
   955   000D8B                     RXF14EIDL       equ	3467	;# 
   956   000D90                     RXF15SIDH       equ	3472	;# 
   957   000D91                     RXF15SIDL       equ	3473	;# 
   958   000D92                     RXF15EIDH       equ	3474	;# 
   959   000D93                     RXF15EIDL       equ	3475	;# 
   960   000DD4                     RXFCON0         equ	3540	;# 
   961   000DD5                     RXFCON1         equ	3541	;# 
   962   000DD8                     SDFLC           equ	3544	;# 
   963   000DE0                     RXFBCON0        equ	3552	;# 
   964   000DE1                     RXFBCON1        equ	3553	;# 
   965   000DE2                     RXFBCON2        equ	3554	;# 
   966   000DE3                     RXFBCON3        equ	3555	;# 
   967   000DE4                     RXFBCON4        equ	3556	;# 
   968   000DE5                     RXFBCON5        equ	3557	;# 
   969   000DE6                     RXFBCON6        equ	3558	;# 
   970   000DE7                     RXFBCON7        equ	3559	;# 
   971   000DF0                     MSEL0           equ	3568	;# 
   972   000DF1                     MSEL1           equ	3569	;# 
   973   000DF2                     MSEL2           equ	3570	;# 
   974   000DF3                     MSEL3           equ	3571	;# 
   975   000DF8                     BSEL0           equ	3576	;# 
   976   000DFA                     BIE0            equ	3578	;# 
   977   000DFC                     TXBIE           equ	3580	;# 
   978   000E20                     B0CON           equ	3616	;# 
   979   000E21                     B0SIDH          equ	3617	;# 
   980   000E22                     B0SIDL          equ	3618	;# 
   981   000E23                     B0EIDH          equ	3619	;# 
   982   000E24                     B0EIDL          equ	3620	;# 
   983   000E25                     B0DLC           equ	3621	;# 
   984   000E26                     B0D0            equ	3622	;# 
   985   000E27                     B0D1            equ	3623	;# 
   986   000E28                     B0D2            equ	3624	;# 
   987   000E29                     B0D3            equ	3625	;# 
   988   000E2A                     B0D4            equ	3626	;# 
   989   000E2B                     B0D5            equ	3627	;# 
   990   000E2C                     B0D6            equ	3628	;# 
   991   000E2D                     B0D7            equ	3629	;# 
   992   000E2E                     CANSTAT_RO9     equ	3630	;# 
   993   000E2F                     CANCON_RO9      equ	3631	;# 
   994   000E30                     B1CON           equ	3632	;# 
   995   000E31                     B1SIDH          equ	3633	;# 
   996   000E32                     B1SIDL          equ	3634	;# 
   997   000E33                     B1EIDH          equ	3635	;# 
   998   000E34                     B1EIDL          equ	3636	;# 
   999   000E35                     B1DLC           equ	3637	;# 
  1000   000E36                     B1D0            equ	3638	;# 
  1001   000E37                     B1D1            equ	3639	;# 
  1002   000E38                     B1D2            equ	3640	;# 
  1003   000E39                     B1D3            equ	3641	;# 
  1004   000E3A                     B1D4            equ	3642	;# 
  1005   000E3B                     B1D5            equ	3643	;# 
  1006   000E3C                     B1D6            equ	3644	;# 
  1007   000E3D                     B1D7            equ	3645	;# 
  1008   000E3E                     CANSTAT_RO8     equ	3646	;# 
  1009   000E3F                     CANCON_RO8      equ	3647	;# 
  1010   000E40                     B2CON           equ	3648	;# 
  1011   000E41                     B2SIDH          equ	3649	;# 
  1012   000E42                     B2SIDL          equ	3650	;# 
  1013   000E43                     B2EIDH          equ	3651	;# 
  1014   000E44                     B2EIDL          equ	3652	;# 
  1015   000E45                     B2DLC           equ	3653	;# 
  1016   000E46                     B2D0            equ	3654	;# 
  1017   000E47                     B2D1            equ	3655	;# 
  1018   000E48                     B2D2            equ	3656	;# 
  1019   000E49                     B2D3            equ	3657	;# 
  1020   000E4A                     B2D4            equ	3658	;# 
  1021   000E4B                     B2D5            equ	3659	;# 
  1022   000E4C                     B2D6            equ	3660	;# 
  1023   000E4D                     B2D7            equ	3661	;# 
  1024   000E4E                     CANSTAT_RO7     equ	3662	;# 
  1025   000E4F                     CANCON_RO7      equ	3663	;# 
  1026   000E50                     B3CON           equ	3664	;# 
  1027   000E51                     B3SIDH          equ	3665	;# 
  1028   000E52                     B3SIDL          equ	3666	;# 
  1029   000E53                     B3EIDH          equ	3667	;# 
  1030   000E54                     B3EIDL          equ	3668	;# 
  1031   000E55                     B3DLC           equ	3669	;# 
  1032   000E56                     B3D0            equ	3670	;# 
  1033   000E57                     B3D1            equ	3671	;# 
  1034   000E58                     B3D2            equ	3672	;# 
  1035   000E59                     B3D3            equ	3673	;# 
  1036   000E5A                     B3D4            equ	3674	;# 
  1037   000E5B                     B3D5            equ	3675	;# 
  1038   000E5C                     B3D6            equ	3676	;# 
  1039   000E5D                     B3D7            equ	3677	;# 
  1040   000E5E                     CANSTAT_RO6     equ	3678	;# 
  1041   000E5F                     CANCON_RO6      equ	3679	;# 
  1042   000E60                     B4CON           equ	3680	;# 
  1043   000E61                     B4SIDH          equ	3681	;# 
  1044   000E62                     B4SIDL          equ	3682	;# 
  1045   000E63                     B4EIDH          equ	3683	;# 
  1046   000E64                     B4EIDL          equ	3684	;# 
  1047   000E65                     B4DLC           equ	3685	;# 
  1048   000E66                     B4D0            equ	3686	;# 
  1049   000E67                     B4D1            equ	3687	;# 
  1050   000E68                     B4D2            equ	3688	;# 
  1051   000E69                     B4D3            equ	3689	;# 
  1052   000E6A                     B4D4            equ	3690	;# 
  1053   000E6B                     B4D5            equ	3691	;# 
  1054   000E6C                     B4D6            equ	3692	;# 
  1055   000E6D                     B4D7            equ	3693	;# 
  1056   000E6E                     CANSTAT_RO5     equ	3694	;# 
  1057   000E6F                     CANCON_RO5      equ	3695	;# 
  1058   000E70                     B5CON           equ	3696	;# 
  1059   000E71                     B5SIDH          equ	3697	;# 
  1060   000E72                     B5SIDL          equ	3698	;# 
  1061   000E73                     B5EIDH          equ	3699	;# 
  1062   000E74                     B5EIDL          equ	3700	;# 
  1063   000E75                     B5DLC           equ	3701	;# 
  1064   000E76                     B5D0            equ	3702	;# 
  1065   000E77                     B5D1            equ	3703	;# 
  1066   000E78                     B5D2            equ	3704	;# 
  1067   000E79                     B5D3            equ	3705	;# 
  1068   000E7A                     B5D4            equ	3706	;# 
  1069   000E7B                     B5D5            equ	3707	;# 
  1070   000E7C                     B5D6            equ	3708	;# 
  1071   000E7D                     B5D7            equ	3709	;# 
  1072   000E7E                     CANSTAT_RO4     equ	3710	;# 
  1073   000E7F                     CANCON_RO4      equ	3711	;# 
  1074   000F00                     RXF0SIDH        equ	3840	;# 
  1075   000F01                     RXF0SIDL        equ	3841	;# 
  1076   000F02                     RXF0EIDH        equ	3842	;# 
  1077   000F03                     RXF0EIDL        equ	3843	;# 
  1078   000F04                     RXF1SIDH        equ	3844	;# 
  1079   000F05                     RXF1SIDL        equ	3845	;# 
  1080   000F06                     RXF1EIDH        equ	3846	;# 
  1081   000F07                     RXF1EIDL        equ	3847	;# 
  1082   000F08                     RXF2SIDH        equ	3848	;# 
  1083   000F09                     RXF2SIDL        equ	3849	;# 
  1084   000F0A                     RXF2EIDH        equ	3850	;# 
  1085   000F0B                     RXF2EIDL        equ	3851	;# 
  1086   000F0C                     RXF3SIDH        equ	3852	;# 
  1087   000F0D                     RXF3SIDL        equ	3853	;# 
  1088   000F0E                     RXF3EIDH        equ	3854	;# 
  1089   000F0F                     RXF3EIDL        equ	3855	;# 
  1090   000F10                     RXF4SIDH        equ	3856	;# 
  1091   000F11                     RXF4SIDL        equ	3857	;# 
  1092   000F12                     RXF4EIDH        equ	3858	;# 
  1093   000F13                     RXF4EIDL        equ	3859	;# 
  1094   000F14                     RXF5SIDH        equ	3860	;# 
  1095   000F15                     RXF5SIDL        equ	3861	;# 
  1096   000F16                     RXF5EIDH        equ	3862	;# 
  1097   000F17                     RXF5EIDL        equ	3863	;# 
  1098   000F18                     RXM0SIDH        equ	3864	;# 
  1099   000F19                     RXM0SIDL        equ	3865	;# 
  1100   000F1A                     RXM0EIDH        equ	3866	;# 
  1101   000F1B                     RXM0EIDL        equ	3867	;# 
  1102   000F1C                     RXM1SIDH        equ	3868	;# 
  1103   000F1D                     RXM1SIDL        equ	3869	;# 
  1104   000F1E                     RXM1EIDH        equ	3870	;# 
  1105   000F1F                     RXM1EIDL        equ	3871	;# 
  1106   000F20                     TXB2CON         equ	3872	;# 
  1107   000F21                     TXB2SIDH        equ	3873	;# 
  1108   000F22                     TXB2SIDL        equ	3874	;# 
  1109   000F23                     TXB2EIDH        equ	3875	;# 
  1110   000F24                     TXB2EIDL        equ	3876	;# 
  1111   000F25                     TXB2DLC         equ	3877	;# 
  1112   000F26                     TXB2D0          equ	3878	;# 
  1113   000F27                     TXB2D1          equ	3879	;# 
  1114   000F28                     TXB2D2          equ	3880	;# 
  1115   000F29                     TXB2D3          equ	3881	;# 
  1116   000F2A                     TXB2D4          equ	3882	;# 
  1117   000F2B                     TXB2D5          equ	3883	;# 
  1118   000F2C                     TXB2D6          equ	3884	;# 
  1119   000F2D                     TXB2D7          equ	3885	;# 
  1120   000F2E                     CANSTAT_RO3     equ	3886	;# 
  1121   000F2F                     CANCON_RO3      equ	3887	;# 
  1122   000F30                     TXB1CON         equ	3888	;# 
  1123   000F31                     TXB1SIDH        equ	3889	;# 
  1124   000F32                     TXB1SIDL        equ	3890	;# 
  1125   000F33                     TXB1EIDH        equ	3891	;# 
  1126   000F34                     TXB1EIDL        equ	3892	;# 
  1127   000F35                     TXB1DLC         equ	3893	;# 
  1128   000F36                     TXB1D0          equ	3894	;# 
  1129   000F37                     TXB1D1          equ	3895	;# 
  1130   000F38                     TXB1D2          equ	3896	;# 
  1131   000F39                     TXB1D3          equ	3897	;# 
  1132   000F3A                     TXB1D4          equ	3898	;# 
  1133   000F3B                     TXB1D5          equ	3899	;# 
  1134   000F3C                     TXB1D6          equ	3900	;# 
  1135   000F3D                     TXB1D7          equ	3901	;# 
  1136   000F3E                     CANSTAT_RO2     equ	3902	;# 
  1137   000F3F                     CANCON_RO2      equ	3903	;# 
  1138   000F40                     TXB0CON         equ	3904	;# 
  1139   000F41                     TXB0SIDH        equ	3905	;# 
  1140   000F42                     TXB0SIDL        equ	3906	;# 
  1141   000F43                     TXB0EIDH        equ	3907	;# 
  1142   000F44                     TXB0EIDL        equ	3908	;# 
  1143   000F45                     TXB0DLC         equ	3909	;# 
  1144   000F46                     TXB0D0          equ	3910	;# 
  1145   000F47                     TXB0D1          equ	3911	;# 
  1146   000F48                     TXB0D2          equ	3912	;# 
  1147   000F49                     TXB0D3          equ	3913	;# 
  1148   000F4A                     TXB0D4          equ	3914	;# 
  1149   000F4B                     TXB0D5          equ	3915	;# 
  1150   000F4C                     TXB0D6          equ	3916	;# 
  1151   000F4D                     TXB0D7          equ	3917	;# 
  1152   000F4E                     CANSTAT_RO1     equ	3918	;# 
  1153   000F4F                     CANCON_RO1      equ	3919	;# 
  1154   000F50                     RXB1CON         equ	3920	;# 
  1155   000F51                     RXB1SIDH        equ	3921	;# 
  1156   000F52                     RXB1SIDL        equ	3922	;# 
  1157   000F53                     RXB1EIDH        equ	3923	;# 
  1158   000F54                     RXB1EIDL        equ	3924	;# 
  1159   000F55                     RXB1DLC         equ	3925	;# 
  1160   000F56                     RXB1D0          equ	3926	;# 
  1161   000F57                     RXB1D1          equ	3927	;# 
  1162   000F58                     RXB1D2          equ	3928	;# 
  1163   000F59                     RXB1D3          equ	3929	;# 
  1164   000F5A                     RXB1D4          equ	3930	;# 
  1165   000F5B                     RXB1D5          equ	3931	;# 
  1166   000F5C                     RXB1D6          equ	3932	;# 
  1167   000F5D                     RXB1D7          equ	3933	;# 
  1168   000F5E                     CANSTAT_RO0     equ	3934	;# 
  1169   000F5F                     CANCON_RO0      equ	3935	;# 
  1170   000F60                     RXB0CON         equ	3936	;# 
  1171   000F61                     RXB0SIDH        equ	3937	;# 
  1172   000F62                     RXB0SIDL        equ	3938	;# 
  1173   000F63                     RXB0EIDH        equ	3939	;# 
  1174   000F64                     RXB0EIDL        equ	3940	;# 
  1175   000F65                     RXB0DLC         equ	3941	;# 
  1176   000F66                     RXB0D0          equ	3942	;# 
  1177   000F67                     RXB0D1          equ	3943	;# 
  1178   000F68                     RXB0D2          equ	3944	;# 
  1179   000F69                     RXB0D3          equ	3945	;# 
  1180   000F6A                     RXB0D4          equ	3946	;# 
  1181   000F6B                     RXB0D5          equ	3947	;# 
  1182   000F6C                     RXB0D6          equ	3948	;# 
  1183   000F6D                     RXB0D7          equ	3949	;# 
  1184   000F6E                     CANSTAT         equ	3950	;# 
  1185   000F6F                     CANCON          equ	3951	;# 
  1186   000F70                     BRGCON1         equ	3952	;# 
  1187   000F71                     BRGCON2         equ	3953	;# 
  1188   000F72                     BRGCON3         equ	3954	;# 
  1189   000F73                     CIOCON          equ	3955	;# 
  1190   000F74                     COMSTAT         equ	3956	;# 
  1191   000F75                     RXERRCNT        equ	3957	;# 
  1192   000F76                     TXERRCNT        equ	3958	;# 
  1193   000F77                     ECANCON         equ	3959	;# 
  1194   000F80                     PORTA           equ	3968	;# 
  1195   000F81                     PORTB           equ	3969	;# 
  1196   000F82                     PORTC           equ	3970	;# 
  1197   000F83                     PORTD           equ	3971	;# 
  1198   000F84                     PORTE           equ	3972	;# 
  1199   000F89                     LATA            equ	3977	;# 
  1200   000F8A                     LATB            equ	3978	;# 
  1201   000F8B                     LATC            equ	3979	;# 
  1202   000F8C                     LATD            equ	3980	;# 
  1203   000F8D                     LATE            equ	3981	;# 
  1204   000F92                     TRISA           equ	3986	;# 
  1205   000F92                     DDRA            equ	3986	;# 
  1206   000F93                     TRISB           equ	3987	;# 
  1207   000F93                     DDRB            equ	3987	;# 
  1208   000F94                     TRISC           equ	3988	;# 
  1209   000F94                     DDRC            equ	3988	;# 
  1210   000F95                     TRISD           equ	3989	;# 
  1211   000F95                     DDRD            equ	3989	;# 
  1212   000F96                     TRISE           equ	3990	;# 
  1213   000F96                     DDRE            equ	3990	;# 
  1214   000F9B                     OSCTUNE         equ	3995	;# 
  1215   000F9D                     PIE1            equ	3997	;# 
  1216   000F9E                     PIR1            equ	3998	;# 
  1217   000F9F                     IPR1            equ	3999	;# 
  1218   000FA0                     PIE2            equ	4000	;# 
  1219   000FA1                     PIR2            equ	4001	;# 
  1220   000FA2                     IPR2            equ	4002	;# 
  1221   000FA3                     PIE3            equ	4003	;# 
  1222   000FA4                     PIR3            equ	4004	;# 
  1223   000FA5                     IPR3            equ	4005	;# 
  1224   000FA6                     EECON1          equ	4006	;# 
  1225   000FA7                     EECON2          equ	4007	;# 
  1226   000FA8                     EEDATA          equ	4008	;# 
  1227   000FA9                     EEADR           equ	4009	;# 
  1228   000FAB                     RCSTA           equ	4011	;# 
  1229   000FAB                     RCSTA1          equ	4011	;# 
  1230   000FAC                     TXSTA           equ	4012	;# 
  1231   000FAC                     TXSTA1          equ	4012	;# 
  1232   000FAD                     TXREG           equ	4013	;# 
  1233   000FAD                     TXREG1          equ	4013	;# 
  1234   000FAE                     RCREG           equ	4014	;# 
  1235   000FAE                     RCREG1          equ	4014	;# 
  1236   000FAF                     SPBRG           equ	4015	;# 
  1237   000FAF                     SPBRG1          equ	4015	;# 
  1238   000FB0                     SPBRGH          equ	4016	;# 
  1239   000FB1                     T3CON           equ	4017	;# 
  1240   000FB2                     TMR3            equ	4018	;# 
  1241   000FB2                     TMR3L           equ	4018	;# 
  1242   000FB3                     TMR3H           equ	4019	;# 
  1243   000FB4                     CMCON           equ	4020	;# 
  1244   000FB5                     CVRCON          equ	4021	;# 
  1245   000FB6                     ECCP1AS         equ	4022	;# 
  1246   000FB7                     ECCP1DEL        equ	4023	;# 
  1247   000FB8                     BAUDCON         equ	4024	;# 
  1248   000FB8                     BAUDCTL         equ	4024	;# 
  1249   000FBA                     ECCP1CON        equ	4026	;# 
  1250   000FBB                     ECCPR1          equ	4027	;# 
  1251   000FBB                     ECCPR1L         equ	4027	;# 
  1252   000FBC                     ECCPR1H         equ	4028	;# 
  1253   000FBD                     CCP1CON         equ	4029	;# 
  1254   000FBE                     CCPR1           equ	4030	;# 
  1255   000FBE                     CCPR1L          equ	4030	;# 
  1256   000FBF                     CCPR1H          equ	4031	;# 
  1257   000FC0                     ADCON2          equ	4032	;# 
  1258   000FC1                     ADCON1          equ	4033	;# 
  1259   000FC2                     ADCON0          equ	4034	;# 
  1260   000FC3                     ADRES           equ	4035	;# 
  1261   000FC3                     ADRESL          equ	4035	;# 
  1262   000FC4                     ADRESH          equ	4036	;# 
  1263   000FC5                     SSPCON2         equ	4037	;# 
  1264   000FC6                     SSPCON1         equ	4038	;# 
  1265   000FC7                     SSPSTAT         equ	4039	;# 
  1266   000FC8                     SSPADD          equ	4040	;# 
  1267   000FC9                     SSPBUF          equ	4041	;# 
  1268   000FCA                     T2CON           equ	4042	;# 
  1269   000FCB                     PR2             equ	4043	;# 
  1270   000FCB                     MEMCON          equ	4043	;# 
  1271   000FCC                     TMR2            equ	4044	;# 
  1272   000FCD                     T1CON           equ	4045	;# 
  1273   000FCE                     TMR1            equ	4046	;# 
  1274   000FCE                     TMR1L           equ	4046	;# 
  1275   000FCF                     TMR1H           equ	4047	;# 
  1276   000FD0                     RCON            equ	4048	;# 
  1277   000FD1                     WDTCON          equ	4049	;# 
  1278   000FD2                     HLVDCON         equ	4050	;# 
  1279   000FD2                     LVDCON          equ	4050	;# 
  1280   000FD3                     OSCCON          equ	4051	;# 
  1281   000FD5                     T0CON           equ	4053	;# 
  1282   000FD6                     TMR0            equ	4054	;# 
  1283   000FD6                     TMR0L           equ	4054	;# 
  1284   000FD7                     TMR0H           equ	4055	;# 
  1285   000FD8                     STATUS          equ	4056	;# 
  1286   000FD9                     FSR2            equ	4057	;# 
  1287   000FD9                     FSR2L           equ	4057	;# 
  1288   000FDA                     FSR2H           equ	4058	;# 
  1289   000FDB                     PLUSW2          equ	4059	;# 
  1290   000FDC                     PREINC2         equ	4060	;# 
  1291   000FDD                     POSTDEC2        equ	4061	;# 
  1292   000FDE                     POSTINC2        equ	4062	;# 
  1293   000FDF                     INDF2           equ	4063	;# 
  1294   000FE0                     BSR             equ	4064	;# 
  1295   000FE1                     FSR1            equ	4065	;# 
  1296   000FE1                     FSR1L           equ	4065	;# 
  1297   000FE2                     FSR1H           equ	4066	;# 
  1298   000FE3                     PLUSW1          equ	4067	;# 
  1299   000FE4                     PREINC1         equ	4068	;# 
  1300   000FE5                     POSTDEC1        equ	4069	;# 
  1301   000FE6                     POSTINC1        equ	4070	;# 
  1302   000FE7                     INDF1           equ	4071	;# 
  1303   000FE8                     WREG            equ	4072	;# 
  1304   000FE9                     FSR0            equ	4073	;# 
  1305   000FE9                     FSR0L           equ	4073	;# 
  1306   000FEA                     FSR0H           equ	4074	;# 
  1307   000FEB                     PLUSW0          equ	4075	;# 
  1308   000FEC                     PREINC0         equ	4076	;# 
  1309   000FED                     POSTDEC0        equ	4077	;# 
  1310   000FEE                     POSTINC0        equ	4078	;# 
  1311   000FEF                     INDF0           equ	4079	;# 
  1312   000FF0                     INTCON3         equ	4080	;# 
  1313   000FF1                     INTCON2         equ	4081	;# 
  1314   000FF2                     INTCON          equ	4082	;# 
  1315   000FF3                     PROD            equ	4083	;# 
  1316   000FF3                     PRODL           equ	4083	;# 
  1317   000FF4                     PRODH           equ	4084	;# 
  1318   000FF5                     TABLAT          equ	4085	;# 
  1319   000FF6                     TBLPTR          equ	4086	;# 
  1320   000FF6                     TBLPTRL         equ	4086	;# 
  1321   000FF7                     TBLPTRH         equ	4087	;# 
  1322   000FF8                     TBLPTRU         equ	4088	;# 
  1323   000FF9                     PCLAT           equ	4089	;# 
  1324   000FF9                     PC              equ	4089	;# 
  1325   000FF9                     PCL             equ	4089	;# 
  1326   000FFA                     PCLATH          equ	4090	;# 
  1327   000FFB                     PCLATU          equ	4091	;# 
  1328   000FFC                     STKPTR          equ	4092	;# 
  1329   000FFD                     TOS             equ	4093	;# 
  1330   000FFD                     TOSL            equ	4093	;# 
  1331   000FFE                     TOSH            equ	4094	;# 
  1332   000FFF                     TOSU            equ	4095	;# 
  1333   007C98                     _TRISB0         set	31896
  1334   007F94                     _INT0IE         set	32660
  1335   007F91                     _INT0IF         set	32657
  1336   007F96                     _PEIE           set	32662
  1337   007F97                     _GIE            set	32663
  1338   007C0D                     _RB5            set	31757
  1339   007C9D                     _TRISB5         set	31901
  1340                           
  1341                           ; #config settings
  1342                           
  1343                           	psect	cinit
  1344   000644                     __pcinit:
  1345                           	callstack 0
  1346   000644                     start_initialization:
  1347                           	callstack 0
  1348   000644                     __initialization:
  1349                           	callstack 0
  1350   000644                     end_of_initialization:
  1351                           	callstack 0
  1352   000644                     __end_of__initialization:
  1353                           	callstack 0
  1354   000644  9001               	bcf	int$flags,0,c	;clear compiler interrupt flag (level 1)
  1355   000646  9201               	bcf	int$flags,1,c	;clear compiler interrupt flag (level 2)
  1356   000648  0100               	movlb	0
  1357   00064A  EF1C  F003         	goto	_main	;jump to C main() function
  1358                           
  1359                           	psect	cstackCOMRAM
  1360   000000                     __pcstackCOMRAM:
  1361                           	callstack 0
  1362   000000                     
  1363                           ; 1 bytes @ 0x0
  1364 ;;
  1365 ;;Main: autosize = 0, tempsize = 0, incstack = 0, save=0
  1366 ;;
  1367 ;; *************** function _main *****************
  1368 ;; Defined at:
  1369 ;;		line 19 in file "main.c"
  1370 ;; Parameters:    Size  Location     Type
  1371 ;;		None
  1372 ;; Auto vars:     Size  Location     Type
  1373 ;;		None
  1374 ;; Return value:  Size  Location     Type
  1375 ;;                  1    wreg      void 
  1376 ;; Registers used:
  1377 ;;		cstack
  1378 ;; Tracked objects:
  1379 ;;		On entry : 0/0
  1380 ;;		On exit  : 0/0
  1381 ;;		Unchanged: 0/0
  1382 ;; Data sizes:     COMRAM   BANK0   BANK1   BANK2   BANK3   BANK4   BANK5
  1383 ;;      Params:         0       0       0       0       0       0       0
  1384 ;;      Locals:         0       0       0       0       0       0       0
  1385 ;;      Temps:          0       0       0       0       0       0       0
  1386 ;;      Totals:         0       0       0       0       0       0       0
  1387 ;;Total ram usage:        0 bytes
  1388 ;; Hardware stack levels required when called: 3
  1389 ;; This function calls:
  1390 ;;		_init_config
  1391 ;; This function is called by:
  1392 ;;		Startup code after reset
  1393 ;; This function uses a non-reentrant model
  1394 ;;
  1395                           
  1396                           	psect	text0
  1397   000638                     __ptext0:
  1398                           	callstack 0
  1399   000638                     _main:
  1400                           	callstack 28
  1401   000638                     
  1402                           ;main.c: 20:     init_config();
  1403   000638  EC15  F003         	call	_init_config	;wreg free
  1404   00063C                     l18:
  1405   00063C                     
  1406                           ;main.c: 21:     while(1){
  1407   00063C  EF1E  F003         	goto	l18
  1408   000640  EF07  F000         	goto	start
  1409   000644                     __end_of_main:
  1410                           	callstack 0
  1411                           
  1412 ;; *************** function _init_config *****************
  1413 ;; Defined at:
  1414 ;;		line 12 in file "main.c"
  1415 ;; Parameters:    Size  Location     Type
  1416 ;;		None
  1417 ;; Auto vars:     Size  Location     Type
  1418 ;;		None
  1419 ;; Return value:  Size  Location     Type
  1420 ;;                  1    wreg      void 
  1421 ;; Registers used:
  1422 ;;		cstack
  1423 ;; Tracked objects:
  1424 ;;		On entry : 0/0
  1425 ;;		On exit  : 0/0
  1426 ;;		Unchanged: 0/0
  1427 ;; Data sizes:     COMRAM   BANK0   BANK1   BANK2   BANK3   BANK4   BANK5
  1428 ;;      Params:         0       0       0       0       0       0       0
  1429 ;;      Locals:         0       0       0       0       0       0       0
  1430 ;;      Temps:          0       0       0       0       0       0       0
  1431 ;;      Totals:         0       0       0       0       0       0       0
  1432 ;;Total ram usage:        0 bytes
  1433 ;; Hardware stack levels used: 1
  1434 ;; Hardware stack levels required when called: 2
  1435 ;; This function calls:
  1436 ;;		_init_external_int0
  1437 ;; This function is called by:
  1438 ;;		_main
  1439 ;; This function uses a non-reentrant model
  1440 ;;
  1441                           
  1442                           	psect	text1
  1443   00062A                     __ptext1:
  1444                           	callstack 0
  1445   00062A                     _init_config:
  1446                           	callstack 28
  1447   00062A                     
  1448                           ;main.c: 13:     init_external_int0();
  1449   00062A  EC27  F003         	call	_init_external_int0	;wreg free
  1450   00062E                     
  1451                           ;main.c: 14:     TRISB5 = 0;
  1452   00062E  9A93               	bcf	3987,5,c	;volatile
  1453   000630                     
  1454                           ;main.c: 15:     RB5 = 0;
  1455   000630  9A81               	bcf	3969,5,c	;volatile
  1456   000632                     
  1457                           ;main.c: 16:     GIE = 1;
  1458   000632  8EF2               	bsf	4082,7,c	;volatile
  1459   000634                     
  1460                           ;main.c: 17:     PEIE = 1;
  1461   000634  8CF2               	bsf	4082,6,c	;volatile
  1462   000636  0012               	return		;funcret
  1463   000638                     __end_of_init_config:
  1464                           	callstack 0
  1465                           
  1466 ;; *************** function _init_external_int0 *****************
  1467 ;; Defined at:
  1468 ;;		line 12 in file "external_interrupt0.c"
  1469 ;; Parameters:    Size  Location     Type
  1470 ;;		None
  1471 ;; Auto vars:     Size  Location     Type
  1472 ;;		None
  1473 ;; Return value:  Size  Location     Type
  1474 ;;                  1    wreg      void 
  1475 ;; Registers used:
  1476 ;;		None
  1477 ;; Tracked objects:
  1478 ;;		On entry : 0/0
  1479 ;;		On exit  : 0/0
  1480 ;;		Unchanged: 0/0
  1481 ;; Data sizes:     COMRAM   BANK0   BANK1   BANK2   BANK3   BANK4   BANK5
  1482 ;;      Params:         0       0       0       0       0       0       0
  1483 ;;      Locals:         0       0       0       0       0       0       0
  1484 ;;      Temps:          0       0       0       0       0       0       0
  1485 ;;      Totals:         0       0       0       0       0       0       0
  1486 ;;Total ram usage:        0 bytes
  1487 ;; Hardware stack levels used: 1
  1488 ;; Hardware stack levels required when called: 1
  1489 ;; This function calls:
  1490 ;;		Nothing
  1491 ;; This function is called by:
  1492 ;;		_init_config
  1493 ;; This function uses a non-reentrant model
  1494 ;;
  1495                           
  1496                           	psect	text2
  1497   00064E                     __ptext2:
  1498                           	callstack 0
  1499   00064E                     _init_external_int0:
  1500                           	callstack 28
  1501   00064E                     
  1502                           ;external_interrupt0.c: 13:     INT0IE = 1;
  1503   00064E  88F2               	bsf	4082,4,c	;volatile
  1504                           
  1505                           ;external_interrupt0.c: 15:     INT0IF = 0;
  1506   000650  92F2               	bcf	4082,1,c	;volatile
  1507                           
  1508                           ;external_interrupt0.c: 16:     TRISB0 = 1;
  1509   000652  8093               	bsf	3987,0,c	;volatile
  1510   000654  0012               	return		;funcret
  1511   000656                     __end_of_init_external_int0:
  1512                           	callstack 0
  1513                           
  1514 ;; *************** function _isr *****************
  1515 ;; Defined at:
  1516 ;;		line 10 in file "isr.c"
  1517 ;; Parameters:    Size  Location     Type
  1518 ;;		None
  1519 ;; Auto vars:     Size  Location     Type
  1520 ;;		None
  1521 ;; Return value:  Size  Location     Type
  1522 ;;                  1    wreg      void 
  1523 ;; Registers used:
  1524 ;;		None
  1525 ;; Tracked objects:
  1526 ;;		On entry : 0/0
  1527 ;;		On exit  : 0/0
  1528 ;;		Unchanged: 0/0
  1529 ;; Data sizes:     COMRAM   BANK0   BANK1   BANK2   BANK3   BANK4   BANK5
  1530 ;;      Params:         0       0       0       0       0       0       0
  1531 ;;      Locals:         0       0       0       0       0       0       0
  1532 ;;      Temps:          0       0       0       0       0       0       0
  1533 ;;      Totals:         0       0       0       0       0       0       0
  1534 ;;Total ram usage:        0 bytes
  1535 ;; Hardware stack levels used: 1
  1536 ;; This function calls:
  1537 ;;		Nothing
  1538 ;; This function is called by:
  1539 ;;		Interrupt level 2
  1540 ;; This function uses a non-reentrant model
  1541 ;;
  1542                           
  1543                           	psect	intcode
  1544   000008                     __pintcode:
  1545                           	callstack 0
  1546   000008                     _isr:
  1547                           	callstack 28
  1548                           
  1549                           ;incstack = 0
  1550   000008  8201               	bsf	int$flags,1,c	;set compiler interrupt flag (level 2)
  1551   00000A  ED01  F003         	call	int_func,f	;refresh shadow registers
  1552                           
  1553                           	psect	intcode_body
  1554   000602                     __pintcode_body:
  1555                           	callstack 28
  1556   000602                     int_func:
  1557                           	callstack 28
  1558   000602  0006               	pop		; remove dummy address from shadow register refresh
  1559   000604                     
  1560                           ;isr.c: 11:     if(INT0IF){
  1561   000604  A2F2               	btfss	4082,1,c	;volatile
  1562   000606  EF07  F003         	goto	i2u1_41
  1563   00060A  EF09  F003         	goto	i2u1_40
  1564   00060E                     i2u1_41:
  1565   00060E  EF13  F003         	goto	i2l31
  1566   000612                     i2u1_40:
  1567   000612                     
  1568                           ;isr.c: 12:         RB5 = !RB5;
  1569   000612  AA81               	btfss	3969,5,c	;volatile
  1570   000614  EF0E  F003         	goto	i2u2_41
  1571   000618  EF11  F003         	goto	i2u2_40
  1572   00061C                     i2u2_41:
  1573   00061C  8A81               	bsf	3969,5,c	;volatile
  1574   00061E  EF12  F003         	goto	i2u3_45
  1575   000622                     i2u2_40:
  1576   000622  9A81               	bcf	3969,5,c	;volatile
  1577   000624                     i2u3_45:
  1578                           
  1579                           ;isr.c: 13:         INT0IF = 0;
  1580   000624  92F2               	bcf	4082,1,c	;volatile
  1581   000626                     i2l31:
  1582   000626  9201               	bcf	int$flags,1,c	;clear compiler interrupt flag (level 2)
  1583   000628  0011               	retfie		f
  1584   00062A                     __end_of_isr:
  1585                           	callstack 0
  1586                           
  1587                           	psect	smallconst
  1588   000600                     __psmallconst:
  1589                           	callstack 0
  1590   000600  00                 	db	0
  1591   000601  00                 	db	0	; dummy byte at the end
  1592   000600                     __smallconst    set	__psmallconst
  1593   000600                     __mediumconst   set	__psmallconst
  1594   000000                     __activetblptr  equ	0
  1595                           
  1596                           	psect	rparam
  1597   000001                     ___rparam_used  equ	1
  1598   000000                     ___param_bank   equ	0
  1599   000000                     __Lparam        equ	__Lrparam
  1600   000000                     __Hparam        equ	__Hrparam
  1601   000001                     btemp           set	1	;btemp
  1602   000001                     int$flags       set	1
  1603   000001                     btemp0          set	1
  1604   000002                     btemp1          set	2
  1605                           
  1606                           	psect	idloc
  1607                           
  1608                           ;Config register IDLOC0 @ 0x200000
  1609                           ;	unspecified, using default values
  1610   200000                     	org	2097152
  1611   200000  FF                 	db	255
  1612                           
  1613                           ;Config register IDLOC1 @ 0x200001
  1614                           ;	unspecified, using default values
  1615   200001                     	org	2097153
  1616   200001  FF                 	db	255
  1617                           
  1618                           ;Config register IDLOC2 @ 0x200002
  1619                           ;	unspecified, using default values
  1620   200002                     	org	2097154
  1621   200002  FF                 	db	255
  1622                           
  1623                           ;Config register IDLOC3 @ 0x200003
  1624                           ;	unspecified, using default values
  1625   200003                     	org	2097155
  1626   200003  FF                 	db	255
  1627                           
  1628                           ;Config register IDLOC4 @ 0x200004
  1629                           ;	unspecified, using default values
  1630   200004                     	org	2097156
  1631   200004  FF                 	db	255
  1632                           
  1633                           ;Config register IDLOC5 @ 0x200005
  1634                           ;	unspecified, using default values
  1635   200005                     	org	2097157
  1636   200005  FF                 	db	255
  1637                           
  1638                           ;Config register IDLOC6 @ 0x200006
  1639                           ;	unspecified, using default values
  1640   200006                     	org	2097158
  1641   200006  FF                 	db	255
  1642                           
  1643                           ;Config register IDLOC7 @ 0x200007
  1644                           ;	unspecified, using default values
  1645   200007                     	org	2097159
  1646   200007  FF                 	db	255
  1647                           
  1648                           	psect	config
  1649                           
  1650                           ; Padding undefined space
  1651   300000                     	org	3145728
  1652   300000  FF                 	db	255
  1653                           
  1654                           ;Config register CONFIG1H @ 0x300001
  1655                           ;	unspecified, using default values
  1656                           ;	Oscillator Selection bits
  1657                           ;	OSC = 0x7, unprogrammed default
  1658                           ;	Fail-Safe Clock Monitor Enable bit
  1659                           ;	FCMEN = 0x0, unprogrammed default
  1660                           ;	Internal/External Oscillator Switchover bit
  1661                           ;	IESO = 0x0, unprogrammed default
  1662   300001                     	org	3145729
  1663   300001  07                 	db	7
  1664                           
  1665                           ;Config register CONFIG2L @ 0x300002
  1666                           ;	unspecified, using default values
  1667                           ;	Power-up Timer Enable bit
  1668                           ;	PWRT = 0x1, unprogrammed default
  1669                           ;	Brown-out Reset Enable bits
  1670                           ;	BOREN = 0x3, unprogrammed default
  1671                           ;	Brown-out Reset Voltage bits
  1672                           ;	BORV = 0x3, unprogrammed default
  1673   300002                     	org	3145730
  1674   300002  1F                 	db	31
  1675                           
  1676                           ;Config register CONFIG2H @ 0x300003
  1677                           ;	unspecified, using default values
  1678                           ;	Watchdog Timer Enable bit
  1679                           ;	WDT = 0x1, unprogrammed default
  1680                           ;	Watchdog Timer Postscale Select bits
  1681                           ;	WDTPS = 0xF, unprogrammed default
  1682   300003                     	org	3145731
  1683   300003  1F                 	db	31
  1684                           
  1685                           ; Padding undefined space
  1686   300004                     	org	3145732
  1687   300004  FF                 	db	255
  1688                           
  1689                           ;Config register CONFIG3H @ 0x300005
  1690                           ;	unspecified, using default values
  1691                           ;	PORTB A/D Enable bit
  1692                           ;	PBADEN = 0x1, unprogrammed default
  1693                           ;	Low-Power Timer 1 Oscillator Enable bit
  1694                           ;	LPT1OSC = 0x0, unprogrammed default
  1695                           ;	MCLR Pin Enable bit
  1696                           ;	MCLRE = 0x1, unprogrammed default
  1697   300005                     	org	3145733
  1698   300005  82                 	db	130
  1699                           
  1700                           ;Config register CONFIG4L @ 0x300006
  1701                           ;	unspecified, using default values
  1702                           ;	Stack Full/Underflow Reset Enable bit
  1703                           ;	STVREN = 0x1, unprogrammed default
  1704                           ;	Single-Supply ICSP Enable bit
  1705                           ;	LVP = 0x1, unprogrammed default
  1706                           ;	Boot Block Size Select bit
  1707                           ;	BBSIZ = 0x0, unprogrammed default
  1708                           ;	Extended Instruction Set Enable bit
  1709                           ;	XINST = 0x0, unprogrammed default
  1710                           ;	Background Debugger Enable bit
  1711                           ;	DEBUG = 0x1, unprogrammed default
  1712   300006                     	org	3145734
  1713   300006  85                 	db	133
  1714                           
  1715                           ; Padding undefined space
  1716   300007                     	org	3145735
  1717   300007  FF                 	db	255
  1718                           
  1719                           ;Config register CONFIG5L @ 0x300008
  1720                           ;	unspecified, using default values
  1721                           ;	Code Protection bit
  1722                           ;	CP0 = 0x1, unprogrammed default
  1723                           ;	Code Protection bit
  1724                           ;	CP1 = 0x1, unprogrammed default
  1725                           ;	Code Protection bit
  1726                           ;	CP2 = 0x1, unprogrammed default
  1727                           ;	Code Protection bit
  1728                           ;	CP3 = 0x1, unprogrammed default
  1729   300008                     	org	3145736
  1730   300008  0F                 	db	15
  1731                           
  1732                           ;Config register CONFIG5H @ 0x300009
  1733                           ;	unspecified, using default values
  1734                           ;	Boot Block Code Protection bit
  1735                           ;	CPB = 0x1, unprogrammed default
  1736                           ;	Data EEPROM Code Protection bit
  1737                           ;	CPD = 0x1, unprogrammed default
  1738   300009                     	org	3145737
  1739   300009  C0                 	db	192
  1740                           
  1741                           ;Config register CONFIG6L @ 0x30000A
  1742                           ;	unspecified, using default values
  1743                           ;	Write Protection bit
  1744                           ;	WRT0 = 0x1, unprogrammed default
  1745                           ;	Write Protection bit
  1746                           ;	WRT1 = 0x1, unprogrammed default
  1747                           ;	Write Protection bit
  1748                           ;	WRT2 = 0x1, unprogrammed default
  1749                           ;	Write Protection bit
  1750                           ;	WRT3 = 0x1, unprogrammed default
  1751   30000A                     	org	3145738
  1752   30000A  0F                 	db	15
  1753                           
  1754                           ;Config register CONFIG6H @ 0x30000B
  1755                           ;	unspecified, using default values
  1756                           ;	Configuration Register Write Protection bit
  1757                           ;	WRTC = 0x1, unprogrammed default
  1758                           ;	Boot Block Write Protection bit
  1759                           ;	WRTB = 0x1, unprogrammed default
  1760                           ;	Data EEPROM Write Protection bit
  1761                           ;	WRTD = 0x1, unprogrammed default
  1762   30000B                     	org	3145739
  1763   30000B  E0                 	db	224
  1764                           
  1765                           ;Config register CONFIG7L @ 0x30000C
  1766                           ;	unspecified, using default values
  1767                           ;	Table Read Protection bit
  1768                           ;	EBTR0 = 0x1, unprogrammed default
  1769                           ;	Table Read Protection bit
  1770                           ;	EBTR1 = 0x1, unprogrammed default
  1771                           ;	Table Read Protection bit
  1772                           ;	EBTR2 = 0x1, unprogrammed default
  1773                           ;	Table Read Protection bit
  1774                           ;	EBTR3 = 0x1, unprogrammed default
  1775   30000C                     	org	3145740
  1776   30000C  0F                 	db	15
  1777                           
  1778                           ;Config register CONFIG7H @ 0x30000D
  1779                           ;	unspecified, using default values
  1780                           ;	Boot Block Table Read Protection bit
  1781                           ;	EBTRB = 0x1, unprogrammed default
  1782   30000D                     	org	3145741
  1783   30000D  40                 	db	64
  1784                           tosu	equ	0xFFF
  1785                           tosh	equ	0xFFE
  1786                           tosl	equ	0xFFD
  1787                           stkptr	equ	0xFFC
  1788                           pclatu	equ	0xFFB
  1789                           pclath	equ	0xFFA
  1790                           pcl	equ	0xFF9
  1791                           tblptru	equ	0xFF8
  1792                           tblptrh	equ	0xFF7
  1793                           tblptrl	equ	0xFF6
  1794                           tablat	equ	0xFF5
  1795                           prodh	equ	0xFF4
  1796                           prodl	equ	0xFF3
  1797                           indf0	equ	0xFEF
  1798                           postinc0	equ	0xFEE
  1799                           postdec0	equ	0xFED
  1800                           preinc0	equ	0xFEC
  1801                           plusw0	equ	0xFEB
  1802                           fsr0h	equ	0xFEA
  1803                           fsr0l	equ	0xFE9
  1804                           wreg	equ	0xFE8
  1805                           indf1	equ	0xFE7
  1806                           postinc1	equ	0xFE6
  1807                           postdec1	equ	0xFE5
  1808                           preinc1	equ	0xFE4
  1809                           plusw1	equ	0xFE3
  1810                           fsr1h	equ	0xFE2
  1811                           fsr1l	equ	0xFE1
  1812                           bsr	equ	0xFE0
  1813                           indf2	equ	0xFDF
  1814                           postinc2	equ	0xFDE
  1815                           postdec2	equ	0xFDD
  1816                           preinc2	equ	0xFDC
  1817                           plusw2	equ	0xFDB
  1818                           fsr2h	equ	0xFDA
  1819                           fsr2l	equ	0xFD9
  1820                           status	equ	0xFD8

Data Sizes:
    Strings     0
    Constant    0
    Data        0
    BSS         0
    Persistent  0
    Stack       0

Auto Spaces:
    Space          Size  Autos    Used
    COMRAM           94      0       0
    BANK0           160      0       0
    BANK1           256      0       0
    BANK2           256      0       0
    BANK3           256      0       0
    BANK4           256      0       0
    BANK5           256      0       0

Pointer List with Targets:

    None.

Critical Paths under _main in COMRAM

    None.

Critical Paths under _isr in COMRAM

    None.

Critical Paths under _main in BANK0

    None.

Critical Paths under _isr in BANK0

    None.

Critical Paths under _main in BANK1

    None.

Critical Paths under _isr in BANK1

    None.

Critical Paths under _main in BANK2

    None.

Critical Paths under _isr in BANK2

    None.

Critical Paths under _main in BANK3

    None.

Critical Paths under _isr in BANK3

    None.

Critical Paths under _main in BANK4

    None.

Critical Paths under _isr in BANK4

    None.

Critical Paths under _main in BANK5

    None.

Critical Paths under _isr in BANK5

    None.

Call Graph Tables:

 ---------------------------------------------------------------------------------
 (Depth) Function   	        Calls       Base Space   Used Autos Params    Refs
 ---------------------------------------------------------------------------------
 (0) _main                                                 0     0      0       0
                        _init_config
 ---------------------------------------------------------------------------------
 (1) _init_config                                          0     0      0       0
                 _init_external_int0
 ---------------------------------------------------------------------------------
 (2) _init_external_int0                                   0     0      0       0
 ---------------------------------------------------------------------------------
 Estimated maximum stack depth 2
 ---------------------------------------------------------------------------------
 (Depth) Function   	        Calls       Base Space   Used Autos Params    Refs
 ---------------------------------------------------------------------------------
 (3) _isr                                                  0     0      0       0
 ---------------------------------------------------------------------------------
 Estimated maximum stack depth 3
 ---------------------------------------------------------------------------------

 Call Graph Graphs:

 _main (ROOT)
   _init_config
     _init_external_int0

 _isr (ROOT)

Address spaces:
Name               Size   Autos  Total    Usage
BITCOMRAM           94      0       0      0.0%
BITBANK0           160      0       0      0.0%
BITBANK1           256      0       0      0.0%
BITBANK2           256      0       0      0.0%
BITBANK3           256      0       0      0.0%
BITBANK4           256      0       0      0.0%
BITBANK5           256      0       0      0.0%
BITBIGSFRl         641      0       0      0.0%
BITBIGSFRh         126      0       0      0.0%
COMRAM              94      0       0      0.0%
BANK0              160      0       0      0.0%
BANK1              256      0       0      0.0%
BANK2              256      0       0      0.0%
BANK3              256      0       0      0.0%
BANK4              256      0       0      0.0%
BANK5              256      0       0      0.0%
BIGRAM            1535      0       0      0.0%
STACK                0      0       0      0.0%
DATA                 0      0       0      0.0%


Microchip Technology PIC18 Macro Assembler V4.00 build 20260614213421 
Symbol Table                                                                                   Wed Sep 30 15:17:00 2026

                        l13 0636                          l40 0654                          l18 063C  
                        l19 063C                         l830 062E                         l832 0630  
                       l826 064E                         l834 0632                         l836 0634  
                       l828 062A                         l838 0638                         _GIE 7F97  
                       _RB5 7C0D                         _isr 0008                        ?_isr 0000  
                      _PEIE 7F96                        i2l31 0626                        _main 0638  
                      btemp 0001                        start 000E                ___param_bank 0000  
                     ??_isr 0000                       ?_main 0000                ?_init_config 0000  
                     i2l840 0604                       i2l842 0612                       btemp0 0001  
                     btemp1 0002             __initialization 0644                __end_of_main 0644  
                    ??_main 0000               __activetblptr 0000          _init_external_int0 064E  
       ?_init_external_int0 0000                      _INT0IE 7F94                      _INT0IF 7F91  
                    i2u1_40 0612                      i2u1_41 060E                      i2u2_40 0622  
                    i2u2_41 061C                      i2u3_45 0624                      _TRISB0 7C98  
                    _TRISB5 7C9D        ??_init_external_int0 0000                      isa$std 0001  
              __mediumconst 0600                  __accesstop 0060     __end_of__initialization 0644  
             ___rparam_used 0001              __pcstackCOMRAM 0000                     __Hparam 0000  
                   __Lparam 0000                __psmallconst 0600                     __pcinit 0644  
                   __ramtop 0600                     __ptext0 0638                     __ptext1 062A  
                   __ptext2 064E              __pintcode_body 0602        end_of_initialization 0644  
                   int_func 0602         start_initialization 0644                 __end_of_isr 062A  
             ??_init_config 0000                   __pintcode 0008                 __smallconst 0600  
       __end_of_init_config 0638                    __Hrparam 0000                    __Lrparam 0000  
               _init_config 062A  __end_of_init_external_int0 0656                    isa$xinst 0000  
                  int$flags 0001                    intlevel2 0000  
