

Microchip MPLAB XC8 Assembler V4.00 build 20260614213421 
                                                                                               Sun Oct 11 01:18:22 2026

Microchip MPLAB XC8 C Compiler v4.00 build 20260614213421 Og1 
     1                           	processor	18F4580
     2                           	fnconf	rparam,??,?,0
     3                           	pagewidth 120
     4                           	psect	cinit,global,reloc=2,class=CODE,space=0,delta=1
     5                           	psect	bssCOMRAM,global,class=COMRAM,space=1,delta=1,lowdata,noexec
     6                           	psect	cstackCOMRAM,global,class=COMRAM,space=1,delta=1,lowdata,noexec
     7                           	psect	text0,global,reloc=2,class=CODE,space=0,delta=1
     8                           	psect	text1,global,reloc=2,class=CODE,space=0,delta=1
     9                           	psect	text2,global,reloc=2,class=CODE,space=0,delta=1
    10                           	psect	intcode,global,reloc=2,class=CODE,space=0,delta=1
    11                           	psect	intcode_body,global,reloc=2,class=CODE,space=0,delta=1
    12                           	psect	smallconst,global,reloc=2,class=SMALLCONST,space=0,delta=1,noexec
    13                           	psect	intsave_regs,global,class=BIGRAM,space=1,delta=1,noexec
    14                           	psect	rparam,global,class=COMRAM,space=1,delta=1,noexec
    15                           	dabs	1,0x1,1
    16   000000                     
    17                           ; Generated 17/01/2025 GMT
    18                           ; 
    19                           ; Copyright © 2025, Microchip Technology Inc. and its subsidiaries ("Microchip")
    20                           ; All rights reserved.
    21                           ; 
    22                           ; This software is developed by Microchip Technology Inc. and its subsidiaries ("Microch
      +                          ip").
    23                           ; 
    24                           ; Redistribution and use in source and binary forms, with or without modification, are
    25                           ; permitted provided that the following conditions are met:
    26                           ; 
    27                           ;     1. Redistributions of source code must retain the above copyright notice, this lis
      +                          t of
    28                           ;        conditions and the following disclaimer.
    29                           ; 
    30                           ;     2. Redistributions in binary form must reproduce the above copyright notice, this 
      +                          list
    31                           ;        of conditions and the following disclaimer in the documentation and/or other
    32                           ;        materials provided with the distribution. Publication is not required when
    33                           ;        this file is used in an embedded application.
    34                           ; 
    35                           ;     3. Microchip's name may not be used to endorse or promote products derived from th
      +                          is
    36                           ;        software without specific prior written permission.
    37                           ; 
    38                           ; THIS SOFTWARE IS PROVIDED BY MICROCHIP "AS IS" AND ANY EXPRESS OR IMPLIED WARRANTIES,
    39                           ; INCLUDING, BUT NOT LIMITED TO, THE IMPLIED WARRANTIES OF MERCHANTABILITY AND FITNESS F
      +                          OR
    40                           ; PURPOSE ARE DISCLAIMED.  IN NO EVENT SHALL MICROCHIP BE LIABLE FOR ANY DIRECT, INDIREC
      +                          T,
    41                           ; INCIDENTAL, SPECIAL, EXEMPLARY, OR CONSEQUENTIAL DAMAGES (INCLUDING BUT NOT LIMITED TO
    42                           ; PROCUREMENT OF SUBSTITUTE GOODS OR SERVICES; LOSS OF USE, DATA OR PROFITS; OR BUSINESS
    43                           ; INTERRUPTION) HOWSOEVER CAUSED AND ON ANY THEORY OF LIABILITY, WHETHER IN CONTRACT, ST
      +                          RICT
    44                           ; LIABILITY, OR TORT (INCLUDING NEGLIGENCE OR OTHERWISE) ARISING IN ANY WAY OUT OF THE U
      +                          SE OF
    45                           ; THIS SOFTWARE, EVEN IF ADVISED OF THE POSSIBILITY OF SUCH DAMAGE.
    46                           ; 
    47                           ; 
    48                           ; Code-generator required, PIC18F4580 Definitions
    49                           ; 
    50                           ; SFR Addresses
    51   000FE0                     bsr             equ	4064
    52   000FE9                     fsr0            equ	4073
    53   000FEA                     fsr0h           equ	4074
    54   000FE9                     fsr0l           equ	4073
    55   000FE1                     fsr1            equ	4065
    56   000FE2                     fsr1h           equ	4066
    57   000FE1                     fsr1l           equ	4065
    58   000FD9                     fsr2            equ	4057
    59   000FDA                     fsr2h           equ	4058
    60   000FD9                     fsr2l           equ	4057
    61   000FEF                     indf0           equ	4079
    62   000FE7                     indf1           equ	4071
    63   000FDF                     indf2           equ	4063
    64   000FF2                     intcon          equ	4082
    65   000000                     nvmcon          equ	0
    66   000FF9                     pcl             equ	4089
    67   000FFA                     pclath          equ	4090
    68   000FFB                     pclatu          equ	4091
    69   000FEB                     plusw0          equ	4075
    70   000FE3                     plusw1          equ	4067
    71   000FDB                     plusw2          equ	4059
    72   000FED                     postdec0        equ	4077
    73   000FE5                     postdec1        equ	4069
    74   000FDD                     postdec2        equ	4061
    75   000FEE                     postinc0        equ	4078
    76   000FE6                     postinc1        equ	4070
    77   000FDE                     postinc2        equ	4062
    78   000FEC                     preinc0         equ	4076
    79   000FE4                     preinc1         equ	4068
    80   000FDC                     preinc2         equ	4060
    81   000FF3                     prod            equ	4083
    82   000FF4                     prodh           equ	4084
    83   000FF3                     prodl           equ	4083
    84   000FD8                     status          equ	4056
    85   000FF5                     tablat          equ	4085
    86   000FF6                     tblptr          equ	4086
    87   000FF7                     tblptrh         equ	4087
    88   000FF6                     tblptrl         equ	4086
    89   000FF8                     tblptru         equ	4088
    90   000FFD                     tosl            equ	4093
    91   000FE8                     wreg            equ	4072
    92   000D60                     RXF6SIDH        equ	3424	;# 
    93   000D61                     RXF6SIDL        equ	3425	;# 
    94   000D62                     RXF6EIDH        equ	3426	;# 
    95   000D63                     RXF6EIDL        equ	3427	;# 
    96   000D64                     RXF7SIDH        equ	3428	;# 
    97   000D65                     RXF7SIDL        equ	3429	;# 
    98   000D66                     RXF7EIDH        equ	3430	;# 
    99   000D67                     RXF7EIDL        equ	3431	;# 
   100   000D68                     RXF8SIDH        equ	3432	;# 
   101   000D69                     RXF8SIDL        equ	3433	;# 
   102   000D6A                     RXF8EIDH        equ	3434	;# 
   103   000D6B                     RXF8EIDL        equ	3435	;# 
   104   000D70                     RXF9SIDH        equ	3440	;# 
   105   000D71                     RXF9SIDL        equ	3441	;# 
   106   000D72                     RXF9EIDH        equ	3442	;# 
   107   000D73                     RXF9EIDL        equ	3443	;# 
   108   000D74                     RXF10SIDH       equ	3444	;# 
   109   000D75                     RXF10SIDL       equ	3445	;# 
   110   000D76                     RXF10EIDH       equ	3446	;# 
   111   000D77                     RXF10EIDL       equ	3447	;# 
   112   000D78                     RXF11SIDH       equ	3448	;# 
   113   000D79                     RXF11SIDL       equ	3449	;# 
   114   000D7A                     RXF11EIDH       equ	3450	;# 
   115   000D7B                     RXF11EIDL       equ	3451	;# 
   116   000D80                     RXF12SIDH       equ	3456	;# 
   117   000D81                     RXF12SIDL       equ	3457	;# 
   118   000D82                     RXF12EIDH       equ	3458	;# 
   119   000D83                     RXF12EIDL       equ	3459	;# 
   120   000D84                     RXF13SIDH       equ	3460	;# 
   121   000D85                     RXF13SIDL       equ	3461	;# 
   122   000D86                     RXF13EIDH       equ	3462	;# 
   123   000D87                     RXF13EIDL       equ	3463	;# 
   124   000D88                     RXF14SIDH       equ	3464	;# 
   125   000D89                     RXF14SIDL       equ	3465	;# 
   126   000D8A                     RXF14EIDH       equ	3466	;# 
   127   000D8B                     RXF14EIDL       equ	3467	;# 
   128   000D90                     RXF15SIDH       equ	3472	;# 
   129   000D91                     RXF15SIDL       equ	3473	;# 
   130   000D92                     RXF15EIDH       equ	3474	;# 
   131   000D93                     RXF15EIDL       equ	3475	;# 
   132   000DD4                     RXFCON0         equ	3540	;# 
   133   000DD5                     RXFCON1         equ	3541	;# 
   134   000DD8                     SDFLC           equ	3544	;# 
   135   000DE0                     RXFBCON0        equ	3552	;# 
   136   000DE1                     RXFBCON1        equ	3553	;# 
   137   000DE2                     RXFBCON2        equ	3554	;# 
   138   000DE3                     RXFBCON3        equ	3555	;# 
   139   000DE4                     RXFBCON4        equ	3556	;# 
   140   000DE5                     RXFBCON5        equ	3557	;# 
   141   000DE6                     RXFBCON6        equ	3558	;# 
   142   000DE7                     RXFBCON7        equ	3559	;# 
   143   000DF0                     MSEL0           equ	3568	;# 
   144   000DF1                     MSEL1           equ	3569	;# 
   145   000DF2                     MSEL2           equ	3570	;# 
   146   000DF3                     MSEL3           equ	3571	;# 
   147   000DF8                     BSEL0           equ	3576	;# 
   148   000DFA                     BIE0            equ	3578	;# 
   149   000DFC                     TXBIE           equ	3580	;# 
   150   000E20                     B0CON           equ	3616	;# 
   151   000E21                     B0SIDH          equ	3617	;# 
   152   000E22                     B0SIDL          equ	3618	;# 
   153   000E23                     B0EIDH          equ	3619	;# 
   154   000E24                     B0EIDL          equ	3620	;# 
   155   000E25                     B0DLC           equ	3621	;# 
   156   000E26                     B0D0            equ	3622	;# 
   157   000E27                     B0D1            equ	3623	;# 
   158   000E28                     B0D2            equ	3624	;# 
   159   000E29                     B0D3            equ	3625	;# 
   160   000E2A                     B0D4            equ	3626	;# 
   161   000E2B                     B0D5            equ	3627	;# 
   162   000E2C                     B0D6            equ	3628	;# 
   163   000E2D                     B0D7            equ	3629	;# 
   164   000E2E                     CANSTAT_RO9     equ	3630	;# 
   165   000E2F                     CANCON_RO9      equ	3631	;# 
   166   000E30                     B1CON           equ	3632	;# 
   167   000E31                     B1SIDH          equ	3633	;# 
   168   000E32                     B1SIDL          equ	3634	;# 
   169   000E33                     B1EIDH          equ	3635	;# 
   170   000E34                     B1EIDL          equ	3636	;# 
   171   000E35                     B1DLC           equ	3637	;# 
   172   000E36                     B1D0            equ	3638	;# 
   173   000E37                     B1D1            equ	3639	;# 
   174   000E38                     B1D2            equ	3640	;# 
   175   000E39                     B1D3            equ	3641	;# 
   176   000E3A                     B1D4            equ	3642	;# 
   177   000E3B                     B1D5            equ	3643	;# 
   178   000E3C                     B1D6            equ	3644	;# 
   179   000E3D                     B1D7            equ	3645	;# 
   180   000E3E                     CANSTAT_RO8     equ	3646	;# 
   181   000E3F                     CANCON_RO8      equ	3647	;# 
   182   000E40                     B2CON           equ	3648	;# 
   183   000E41                     B2SIDH          equ	3649	;# 
   184   000E42                     B2SIDL          equ	3650	;# 
   185   000E43                     B2EIDH          equ	3651	;# 
   186   000E44                     B2EIDL          equ	3652	;# 
   187   000E45                     B2DLC           equ	3653	;# 
   188   000E46                     B2D0            equ	3654	;# 
   189   000E47                     B2D1            equ	3655	;# 
   190   000E48                     B2D2            equ	3656	;# 
   191   000E49                     B2D3            equ	3657	;# 
   192   000E4A                     B2D4            equ	3658	;# 
   193   000E4B                     B2D5            equ	3659	;# 
   194   000E4C                     B2D6            equ	3660	;# 
   195   000E4D                     B2D7            equ	3661	;# 
   196   000E4E                     CANSTAT_RO7     equ	3662	;# 
   197   000E4F                     CANCON_RO7      equ	3663	;# 
   198   000E50                     B3CON           equ	3664	;# 
   199   000E51                     B3SIDH          equ	3665	;# 
   200   000E52                     B3SIDL          equ	3666	;# 
   201   000E53                     B3EIDH          equ	3667	;# 
   202   000E54                     B3EIDL          equ	3668	;# 
   203   000E55                     B3DLC           equ	3669	;# 
   204   000E56                     B3D0            equ	3670	;# 
   205   000E57                     B3D1            equ	3671	;# 
   206   000E58                     B3D2            equ	3672	;# 
   207   000E59                     B3D3            equ	3673	;# 
   208   000E5A                     B3D4            equ	3674	;# 
   209   000E5B                     B3D5            equ	3675	;# 
   210   000E5C                     B3D6            equ	3676	;# 
   211   000E5D                     B3D7            equ	3677	;# 
   212   000E5E                     CANSTAT_RO6     equ	3678	;# 
   213   000E5F                     CANCON_RO6      equ	3679	;# 
   214   000E60                     B4CON           equ	3680	;# 
   215   000E61                     B4SIDH          equ	3681	;# 
   216   000E62                     B4SIDL          equ	3682	;# 
   217   000E63                     B4EIDH          equ	3683	;# 
   218   000E64                     B4EIDL          equ	3684	;# 
   219   000E65                     B4DLC           equ	3685	;# 
   220   000E66                     B4D0            equ	3686	;# 
   221   000E67                     B4D1            equ	3687	;# 
   222   000E68                     B4D2            equ	3688	;# 
   223   000E69                     B4D3            equ	3689	;# 
   224   000E6A                     B4D4            equ	3690	;# 
   225   000E6B                     B4D5            equ	3691	;# 
   226   000E6C                     B4D6            equ	3692	;# 
   227   000E6D                     B4D7            equ	3693	;# 
   228   000E6E                     CANSTAT_RO5     equ	3694	;# 
   229   000E6F                     CANCON_RO5      equ	3695	;# 
   230   000E70                     B5CON           equ	3696	;# 
   231   000E71                     B5SIDH          equ	3697	;# 
   232   000E72                     B5SIDL          equ	3698	;# 
   233   000E73                     B5EIDH          equ	3699	;# 
   234   000E74                     B5EIDL          equ	3700	;# 
   235   000E75                     B5DLC           equ	3701	;# 
   236   000E76                     B5D0            equ	3702	;# 
   237   000E77                     B5D1            equ	3703	;# 
   238   000E78                     B5D2            equ	3704	;# 
   239   000E79                     B5D3            equ	3705	;# 
   240   000E7A                     B5D4            equ	3706	;# 
   241   000E7B                     B5D5            equ	3707	;# 
   242   000E7C                     B5D6            equ	3708	;# 
   243   000E7D                     B5D7            equ	3709	;# 
   244   000E7E                     CANSTAT_RO4     equ	3710	;# 
   245   000E7F                     CANCON_RO4      equ	3711	;# 
   246   000F00                     RXF0SIDH        equ	3840	;# 
   247   000F01                     RXF0SIDL        equ	3841	;# 
   248   000F02                     RXF0EIDH        equ	3842	;# 
   249   000F03                     RXF0EIDL        equ	3843	;# 
   250   000F04                     RXF1SIDH        equ	3844	;# 
   251   000F05                     RXF1SIDL        equ	3845	;# 
   252   000F06                     RXF1EIDH        equ	3846	;# 
   253   000F07                     RXF1EIDL        equ	3847	;# 
   254   000F08                     RXF2SIDH        equ	3848	;# 
   255   000F09                     RXF2SIDL        equ	3849	;# 
   256   000F0A                     RXF2EIDH        equ	3850	;# 
   257   000F0B                     RXF2EIDL        equ	3851	;# 
   258   000F0C                     RXF3SIDH        equ	3852	;# 
   259   000F0D                     RXF3SIDL        equ	3853	;# 
   260   000F0E                     RXF3EIDH        equ	3854	;# 
   261   000F0F                     RXF3EIDL        equ	3855	;# 
   262   000F10                     RXF4SIDH        equ	3856	;# 
   263   000F11                     RXF4SIDL        equ	3857	;# 
   264   000F12                     RXF4EIDH        equ	3858	;# 
   265   000F13                     RXF4EIDL        equ	3859	;# 
   266   000F14                     RXF5SIDH        equ	3860	;# 
   267   000F15                     RXF5SIDL        equ	3861	;# 
   268   000F16                     RXF5EIDH        equ	3862	;# 
   269   000F17                     RXF5EIDL        equ	3863	;# 
   270   000F18                     RXM0SIDH        equ	3864	;# 
   271   000F19                     RXM0SIDL        equ	3865	;# 
   272   000F1A                     RXM0EIDH        equ	3866	;# 
   273   000F1B                     RXM0EIDL        equ	3867	;# 
   274   000F1C                     RXM1SIDH        equ	3868	;# 
   275   000F1D                     RXM1SIDL        equ	3869	;# 
   276   000F1E                     RXM1EIDH        equ	3870	;# 
   277   000F1F                     RXM1EIDL        equ	3871	;# 
   278   000F20                     TXB2CON         equ	3872	;# 
   279   000F21                     TXB2SIDH        equ	3873	;# 
   280   000F22                     TXB2SIDL        equ	3874	;# 
   281   000F23                     TXB2EIDH        equ	3875	;# 
   282   000F24                     TXB2EIDL        equ	3876	;# 
   283   000F25                     TXB2DLC         equ	3877	;# 
   284   000F26                     TXB2D0          equ	3878	;# 
   285   000F27                     TXB2D1          equ	3879	;# 
   286   000F28                     TXB2D2          equ	3880	;# 
   287   000F29                     TXB2D3          equ	3881	;# 
   288   000F2A                     TXB2D4          equ	3882	;# 
   289   000F2B                     TXB2D5          equ	3883	;# 
   290   000F2C                     TXB2D6          equ	3884	;# 
   291   000F2D                     TXB2D7          equ	3885	;# 
   292   000F2E                     CANSTAT_RO3     equ	3886	;# 
   293   000F2F                     CANCON_RO3      equ	3887	;# 
   294   000F30                     TXB1CON         equ	3888	;# 
   295   000F31                     TXB1SIDH        equ	3889	;# 
   296   000F32                     TXB1SIDL        equ	3890	;# 
   297   000F33                     TXB1EIDH        equ	3891	;# 
   298   000F34                     TXB1EIDL        equ	3892	;# 
   299   000F35                     TXB1DLC         equ	3893	;# 
   300   000F36                     TXB1D0          equ	3894	;# 
   301   000F37                     TXB1D1          equ	3895	;# 
   302   000F38                     TXB1D2          equ	3896	;# 
   303   000F39                     TXB1D3          equ	3897	;# 
   304   000F3A                     TXB1D4          equ	3898	;# 
   305   000F3B                     TXB1D5          equ	3899	;# 
   306   000F3C                     TXB1D6          equ	3900	;# 
   307   000F3D                     TXB1D7          equ	3901	;# 
   308   000F3E                     CANSTAT_RO2     equ	3902	;# 
   309   000F3F                     CANCON_RO2      equ	3903	;# 
   310   000F40                     TXB0CON         equ	3904	;# 
   311   000F41                     TXB0SIDH        equ	3905	;# 
   312   000F42                     TXB0SIDL        equ	3906	;# 
   313   000F43                     TXB0EIDH        equ	3907	;# 
   314   000F44                     TXB0EIDL        equ	3908	;# 
   315   000F45                     TXB0DLC         equ	3909	;# 
   316   000F46                     TXB0D0          equ	3910	;# 
   317   000F47                     TXB0D1          equ	3911	;# 
   318   000F48                     TXB0D2          equ	3912	;# 
   319   000F49                     TXB0D3          equ	3913	;# 
   320   000F4A                     TXB0D4          equ	3914	;# 
   321   000F4B                     TXB0D5          equ	3915	;# 
   322   000F4C                     TXB0D6          equ	3916	;# 
   323   000F4D                     TXB0D7          equ	3917	;# 
   324   000F4E                     CANSTAT_RO1     equ	3918	;# 
   325   000F4F                     CANCON_RO1      equ	3919	;# 
   326   000F50                     RXB1CON         equ	3920	;# 
   327   000F51                     RXB1SIDH        equ	3921	;# 
   328   000F52                     RXB1SIDL        equ	3922	;# 
   329   000F53                     RXB1EIDH        equ	3923	;# 
   330   000F54                     RXB1EIDL        equ	3924	;# 
   331   000F55                     RXB1DLC         equ	3925	;# 
   332   000F56                     RXB1D0          equ	3926	;# 
   333   000F57                     RXB1D1          equ	3927	;# 
   334   000F58                     RXB1D2          equ	3928	;# 
   335   000F59                     RXB1D3          equ	3929	;# 
   336   000F5A                     RXB1D4          equ	3930	;# 
   337   000F5B                     RXB1D5          equ	3931	;# 
   338   000F5C                     RXB1D6          equ	3932	;# 
   339   000F5D                     RXB1D7          equ	3933	;# 
   340   000F5E                     CANSTAT_RO0     equ	3934	;# 
   341   000F5F                     CANCON_RO0      equ	3935	;# 
   342   000F60                     RXB0CON         equ	3936	;# 
   343   000F61                     RXB0SIDH        equ	3937	;# 
   344   000F62                     RXB0SIDL        equ	3938	;# 
   345   000F63                     RXB0EIDH        equ	3939	;# 
   346   000F64                     RXB0EIDL        equ	3940	;# 
   347   000F65                     RXB0DLC         equ	3941	;# 
   348   000F66                     RXB0D0          equ	3942	;# 
   349   000F67                     RXB0D1          equ	3943	;# 
   350   000F68                     RXB0D2          equ	3944	;# 
   351   000F69                     RXB0D3          equ	3945	;# 
   352   000F6A                     RXB0D4          equ	3946	;# 
   353   000F6B                     RXB0D5          equ	3947	;# 
   354   000F6C                     RXB0D6          equ	3948	;# 
   355   000F6D                     RXB0D7          equ	3949	;# 
   356   000F6E                     CANSTAT         equ	3950	;# 
   357   000F6F                     CANCON          equ	3951	;# 
   358   000F70                     BRGCON1         equ	3952	;# 
   359   000F71                     BRGCON2         equ	3953	;# 
   360   000F72                     BRGCON3         equ	3954	;# 
   361   000F73                     CIOCON          equ	3955	;# 
   362   000F74                     COMSTAT         equ	3956	;# 
   363   000F75                     RXERRCNT        equ	3957	;# 
   364   000F76                     TXERRCNT        equ	3958	;# 
   365   000F77                     ECANCON         equ	3959	;# 
   366   000F80                     PORTA           equ	3968	;# 
   367   000F81                     PORTB           equ	3969	;# 
   368   000F82                     PORTC           equ	3970	;# 
   369   000F83                     PORTD           equ	3971	;# 
   370   000F84                     PORTE           equ	3972	;# 
   371   000F89                     LATA            equ	3977	;# 
   372   000F8A                     LATB            equ	3978	;# 
   373   000F8B                     LATC            equ	3979	;# 
   374   000F8C                     LATD            equ	3980	;# 
   375   000F8D                     LATE            equ	3981	;# 
   376   000F92                     TRISA           equ	3986	;# 
   377   000F92                     DDRA            equ	3986	;# 
   378   000F93                     TRISB           equ	3987	;# 
   379   000F93                     DDRB            equ	3987	;# 
   380   000F94                     TRISC           equ	3988	;# 
   381   000F94                     DDRC            equ	3988	;# 
   382   000F95                     TRISD           equ	3989	;# 
   383   000F95                     DDRD            equ	3989	;# 
   384   000F96                     TRISE           equ	3990	;# 
   385   000F96                     DDRE            equ	3990	;# 
   386   000F9B                     OSCTUNE         equ	3995	;# 
   387   000F9D                     PIE1            equ	3997	;# 
   388   000F9E                     PIR1            equ	3998	;# 
   389   000F9F                     IPR1            equ	3999	;# 
   390   000FA0                     PIE2            equ	4000	;# 
   391   000FA1                     PIR2            equ	4001	;# 
   392   000FA2                     IPR2            equ	4002	;# 
   393   000FA3                     PIE3            equ	4003	;# 
   394   000FA4                     PIR3            equ	4004	;# 
   395   000FA5                     IPR3            equ	4005	;# 
   396   000FA6                     EECON1          equ	4006	;# 
   397   000FA7                     EECON2          equ	4007	;# 
   398   000FA8                     EEDATA          equ	4008	;# 
   399   000FA9                     EEADR           equ	4009	;# 
   400   000FAB                     RCSTA           equ	4011	;# 
   401   000FAB                     RCSTA1          equ	4011	;# 
   402   000FAC                     TXSTA           equ	4012	;# 
   403   000FAC                     TXSTA1          equ	4012	;# 
   404   000FAD                     TXREG           equ	4013	;# 
   405   000FAD                     TXREG1          equ	4013	;# 
   406   000FAE                     RCREG           equ	4014	;# 
   407   000FAE                     RCREG1          equ	4014	;# 
   408   000FAF                     SPBRG           equ	4015	;# 
   409   000FAF                     SPBRG1          equ	4015	;# 
   410   000FB0                     SPBRGH          equ	4016	;# 
   411   000FB1                     T3CON           equ	4017	;# 
   412   000FB2                     TMR3            equ	4018	;# 
   413   000FB2                     TMR3L           equ	4018	;# 
   414   000FB3                     TMR3H           equ	4019	;# 
   415   000FB4                     CMCON           equ	4020	;# 
   416   000FB5                     CVRCON          equ	4021	;# 
   417   000FB6                     ECCP1AS         equ	4022	;# 
   418   000FB7                     ECCP1DEL        equ	4023	;# 
   419   000FB8                     BAUDCON         equ	4024	;# 
   420   000FB8                     BAUDCTL         equ	4024	;# 
   421   000FBA                     ECCP1CON        equ	4026	;# 
   422   000FBB                     ECCPR1          equ	4027	;# 
   423   000FBB                     ECCPR1L         equ	4027	;# 
   424   000FBC                     ECCPR1H         equ	4028	;# 
   425   000FBD                     CCP1CON         equ	4029	;# 
   426   000FBE                     CCPR1           equ	4030	;# 
   427   000FBE                     CCPR1L          equ	4030	;# 
   428   000FBF                     CCPR1H          equ	4031	;# 
   429   000FC0                     ADCON2          equ	4032	;# 
   430   000FC1                     ADCON1          equ	4033	;# 
   431   000FC2                     ADCON0          equ	4034	;# 
   432   000FC3                     ADRES           equ	4035	;# 
   433   000FC3                     ADRESL          equ	4035	;# 
   434   000FC4                     ADRESH          equ	4036	;# 
   435   000FC5                     SSPCON2         equ	4037	;# 
   436   000FC6                     SSPCON1         equ	4038	;# 
   437   000FC7                     SSPSTAT         equ	4039	;# 
   438   000FC8                     SSPADD          equ	4040	;# 
   439   000FC9                     SSPBUF          equ	4041	;# 
   440   000FCA                     T2CON           equ	4042	;# 
   441   000FCB                     PR2             equ	4043	;# 
   442   000FCB                     MEMCON          equ	4043	;# 
   443   000FCC                     TMR2            equ	4044	;# 
   444   000FCD                     T1CON           equ	4045	;# 
   445   000FCE                     TMR1            equ	4046	;# 
   446   000FCE                     TMR1L           equ	4046	;# 
   447   000FCF                     TMR1H           equ	4047	;# 
   448   000FD0                     RCON            equ	4048	;# 
   449   000FD1                     WDTCON          equ	4049	;# 
   450   000FD2                     HLVDCON         equ	4050	;# 
   451   000FD2                     LVDCON          equ	4050	;# 
   452   000FD3                     OSCCON          equ	4051	;# 
   453   000FD5                     T0CON           equ	4053	;# 
   454   000FD6                     TMR0            equ	4054	;# 
   455   000FD6                     TMR0L           equ	4054	;# 
   456   000FD7                     TMR0H           equ	4055	;# 
   457   000FD8                     STATUS          equ	4056	;# 
   458   000FD9                     FSR2            equ	4057	;# 
   459   000FD9                     FSR2L           equ	4057	;# 
   460   000FDA                     FSR2H           equ	4058	;# 
   461   000FDB                     PLUSW2          equ	4059	;# 
   462   000FDC                     PREINC2         equ	4060	;# 
   463   000FDD                     POSTDEC2        equ	4061	;# 
   464   000FDE                     POSTINC2        equ	4062	;# 
   465   000FDF                     INDF2           equ	4063	;# 
   466   000FE0                     BSR             equ	4064	;# 
   467   000FE1                     FSR1            equ	4065	;# 
   468   000FE1                     FSR1L           equ	4065	;# 
   469   000FE2                     FSR1H           equ	4066	;# 
   470   000FE3                     PLUSW1          equ	4067	;# 
   471   000FE4                     PREINC1         equ	4068	;# 
   472   000FE5                     POSTDEC1        equ	4069	;# 
   473   000FE6                     POSTINC1        equ	4070	;# 
   474   000FE7                     INDF1           equ	4071	;# 
   475   000FE8                     WREG            equ	4072	;# 
   476   000FE9                     FSR0            equ	4073	;# 
   477   000FE9                     FSR0L           equ	4073	;# 
   478   000FEA                     FSR0H           equ	4074	;# 
   479   000FEB                     PLUSW0          equ	4075	;# 
   480   000FEC                     PREINC0         equ	4076	;# 
   481   000FED                     POSTDEC0        equ	4077	;# 
   482   000FEE                     POSTINC0        equ	4078	;# 
   483   000FEF                     INDF0           equ	4079	;# 
   484   000FF0                     INTCON3         equ	4080	;# 
   485   000FF1                     INTCON2         equ	4081	;# 
   486   000FF2                     INTCON          equ	4082	;# 
   487   000FF3                     PROD            equ	4083	;# 
   488   000FF3                     PRODL           equ	4083	;# 
   489   000FF4                     PRODH           equ	4084	;# 
   490   000FF5                     TABLAT          equ	4085	;# 
   491   000FF6                     TBLPTR          equ	4086	;# 
   492   000FF6                     TBLPTRL         equ	4086	;# 
   493   000FF7                     TBLPTRH         equ	4087	;# 
   494   000FF8                     TBLPTRU         equ	4088	;# 
   495   000FF9                     PCLAT           equ	4089	;# 
   496   000FF9                     PC              equ	4089	;# 
   497   000FF9                     PCL             equ	4089	;# 
   498   000FFA                     PCLATH          equ	4090	;# 
   499   000FFB                     PCLATU          equ	4091	;# 
   500   000FFC                     STKPTR          equ	4092	;# 
   501   000FFD                     TOS             equ	4093	;# 
   502   000FFD                     TOSL            equ	4093	;# 
   503   000FFE                     TOSH            equ	4094	;# 
   504   000FFF                     TOSU            equ	4095	;# 
   505   000D60                     RXF6SIDH        equ	3424	;# 
   506   000D61                     RXF6SIDL        equ	3425	;# 
   507   000D62                     RXF6EIDH        equ	3426	;# 
   508   000D63                     RXF6EIDL        equ	3427	;# 
   509   000D64                     RXF7SIDH        equ	3428	;# 
   510   000D65                     RXF7SIDL        equ	3429	;# 
   511   000D66                     RXF7EIDH        equ	3430	;# 
   512   000D67                     RXF7EIDL        equ	3431	;# 
   513   000D68                     RXF8SIDH        equ	3432	;# 
   514   000D69                     RXF8SIDL        equ	3433	;# 
   515   000D6A                     RXF8EIDH        equ	3434	;# 
   516   000D6B                     RXF8EIDL        equ	3435	;# 
   517   000D70                     RXF9SIDH        equ	3440	;# 
   518   000D71                     RXF9SIDL        equ	3441	;# 
   519   000D72                     RXF9EIDH        equ	3442	;# 
   520   000D73                     RXF9EIDL        equ	3443	;# 
   521   000D74                     RXF10SIDH       equ	3444	;# 
   522   000D75                     RXF10SIDL       equ	3445	;# 
   523   000D76                     RXF10EIDH       equ	3446	;# 
   524   000D77                     RXF10EIDL       equ	3447	;# 
   525   000D78                     RXF11SIDH       equ	3448	;# 
   526   000D79                     RXF11SIDL       equ	3449	;# 
   527   000D7A                     RXF11EIDH       equ	3450	;# 
   528   000D7B                     RXF11EIDL       equ	3451	;# 
   529   000D80                     RXF12SIDH       equ	3456	;# 
   530   000D81                     RXF12SIDL       equ	3457	;# 
   531   000D82                     RXF12EIDH       equ	3458	;# 
   532   000D83                     RXF12EIDL       equ	3459	;# 
   533   000D84                     RXF13SIDH       equ	3460	;# 
   534   000D85                     RXF13SIDL       equ	3461	;# 
   535   000D86                     RXF13EIDH       equ	3462	;# 
   536   000D87                     RXF13EIDL       equ	3463	;# 
   537   000D88                     RXF14SIDH       equ	3464	;# 
   538   000D89                     RXF14SIDL       equ	3465	;# 
   539   000D8A                     RXF14EIDH       equ	3466	;# 
   540   000D8B                     RXF14EIDL       equ	3467	;# 
   541   000D90                     RXF15SIDH       equ	3472	;# 
   542   000D91                     RXF15SIDL       equ	3473	;# 
   543   000D92                     RXF15EIDH       equ	3474	;# 
   544   000D93                     RXF15EIDL       equ	3475	;# 
   545   000DD4                     RXFCON0         equ	3540	;# 
   546   000DD5                     RXFCON1         equ	3541	;# 
   547   000DD8                     SDFLC           equ	3544	;# 
   548   000DE0                     RXFBCON0        equ	3552	;# 
   549   000DE1                     RXFBCON1        equ	3553	;# 
   550   000DE2                     RXFBCON2        equ	3554	;# 
   551   000DE3                     RXFBCON3        equ	3555	;# 
   552   000DE4                     RXFBCON4        equ	3556	;# 
   553   000DE5                     RXFBCON5        equ	3557	;# 
   554   000DE6                     RXFBCON6        equ	3558	;# 
   555   000DE7                     RXFBCON7        equ	3559	;# 
   556   000DF0                     MSEL0           equ	3568	;# 
   557   000DF1                     MSEL1           equ	3569	;# 
   558   000DF2                     MSEL2           equ	3570	;# 
   559   000DF3                     MSEL3           equ	3571	;# 
   560   000DF8                     BSEL0           equ	3576	;# 
   561   000DFA                     BIE0            equ	3578	;# 
   562   000DFC                     TXBIE           equ	3580	;# 
   563   000E20                     B0CON           equ	3616	;# 
   564   000E21                     B0SIDH          equ	3617	;# 
   565   000E22                     B0SIDL          equ	3618	;# 
   566   000E23                     B0EIDH          equ	3619	;# 
   567   000E24                     B0EIDL          equ	3620	;# 
   568   000E25                     B0DLC           equ	3621	;# 
   569   000E26                     B0D0            equ	3622	;# 
   570   000E27                     B0D1            equ	3623	;# 
   571   000E28                     B0D2            equ	3624	;# 
   572   000E29                     B0D3            equ	3625	;# 
   573   000E2A                     B0D4            equ	3626	;# 
   574   000E2B                     B0D5            equ	3627	;# 
   575   000E2C                     B0D6            equ	3628	;# 
   576   000E2D                     B0D7            equ	3629	;# 
   577   000E2E                     CANSTAT_RO9     equ	3630	;# 
   578   000E2F                     CANCON_RO9      equ	3631	;# 
   579   000E30                     B1CON           equ	3632	;# 
   580   000E31                     B1SIDH          equ	3633	;# 
   581   000E32                     B1SIDL          equ	3634	;# 
   582   000E33                     B1EIDH          equ	3635	;# 
   583   000E34                     B1EIDL          equ	3636	;# 
   584   000E35                     B1DLC           equ	3637	;# 
   585   000E36                     B1D0            equ	3638	;# 
   586   000E37                     B1D1            equ	3639	;# 
   587   000E38                     B1D2            equ	3640	;# 
   588   000E39                     B1D3            equ	3641	;# 
   589   000E3A                     B1D4            equ	3642	;# 
   590   000E3B                     B1D5            equ	3643	;# 
   591   000E3C                     B1D6            equ	3644	;# 
   592   000E3D                     B1D7            equ	3645	;# 
   593   000E3E                     CANSTAT_RO8     equ	3646	;# 
   594   000E3F                     CANCON_RO8      equ	3647	;# 
   595   000E40                     B2CON           equ	3648	;# 
   596   000E41                     B2SIDH          equ	3649	;# 
   597   000E42                     B2SIDL          equ	3650	;# 
   598   000E43                     B2EIDH          equ	3651	;# 
   599   000E44                     B2EIDL          equ	3652	;# 
   600   000E45                     B2DLC           equ	3653	;# 
   601   000E46                     B2D0            equ	3654	;# 
   602   000E47                     B2D1            equ	3655	;# 
   603   000E48                     B2D2            equ	3656	;# 
   604   000E49                     B2D3            equ	3657	;# 
   605   000E4A                     B2D4            equ	3658	;# 
   606   000E4B                     B2D5            equ	3659	;# 
   607   000E4C                     B2D6            equ	3660	;# 
   608   000E4D                     B2D7            equ	3661	;# 
   609   000E4E                     CANSTAT_RO7     equ	3662	;# 
   610   000E4F                     CANCON_RO7      equ	3663	;# 
   611   000E50                     B3CON           equ	3664	;# 
   612   000E51                     B3SIDH          equ	3665	;# 
   613   000E52                     B3SIDL          equ	3666	;# 
   614   000E53                     B3EIDH          equ	3667	;# 
   615   000E54                     B3EIDL          equ	3668	;# 
   616   000E55                     B3DLC           equ	3669	;# 
   617   000E56                     B3D0            equ	3670	;# 
   618   000E57                     B3D1            equ	3671	;# 
   619   000E58                     B3D2            equ	3672	;# 
   620   000E59                     B3D3            equ	3673	;# 
   621   000E5A                     B3D4            equ	3674	;# 
   622   000E5B                     B3D5            equ	3675	;# 
   623   000E5C                     B3D6            equ	3676	;# 
   624   000E5D                     B3D7            equ	3677	;# 
   625   000E5E                     CANSTAT_RO6     equ	3678	;# 
   626   000E5F                     CANCON_RO6      equ	3679	;# 
   627   000E60                     B4CON           equ	3680	;# 
   628   000E61                     B4SIDH          equ	3681	;# 
   629   000E62                     B4SIDL          equ	3682	;# 
   630   000E63                     B4EIDH          equ	3683	;# 
   631   000E64                     B4EIDL          equ	3684	;# 
   632   000E65                     B4DLC           equ	3685	;# 
   633   000E66                     B4D0            equ	3686	;# 
   634   000E67                     B4D1            equ	3687	;# 
   635   000E68                     B4D2            equ	3688	;# 
   636   000E69                     B4D3            equ	3689	;# 
   637   000E6A                     B4D4            equ	3690	;# 
   638   000E6B                     B4D5            equ	3691	;# 
   639   000E6C                     B4D6            equ	3692	;# 
   640   000E6D                     B4D7            equ	3693	;# 
   641   000E6E                     CANSTAT_RO5     equ	3694	;# 
   642   000E6F                     CANCON_RO5      equ	3695	;# 
   643   000E70                     B5CON           equ	3696	;# 
   644   000E71                     B5SIDH          equ	3697	;# 
   645   000E72                     B5SIDL          equ	3698	;# 
   646   000E73                     B5EIDH          equ	3699	;# 
   647   000E74                     B5EIDL          equ	3700	;# 
   648   000E75                     B5DLC           equ	3701	;# 
   649   000E76                     B5D0            equ	3702	;# 
   650   000E77                     B5D1            equ	3703	;# 
   651   000E78                     B5D2            equ	3704	;# 
   652   000E79                     B5D3            equ	3705	;# 
   653   000E7A                     B5D4            equ	3706	;# 
   654   000E7B                     B5D5            equ	3707	;# 
   655   000E7C                     B5D6            equ	3708	;# 
   656   000E7D                     B5D7            equ	3709	;# 
   657   000E7E                     CANSTAT_RO4     equ	3710	;# 
   658   000E7F                     CANCON_RO4      equ	3711	;# 
   659   000F00                     RXF0SIDH        equ	3840	;# 
   660   000F01                     RXF0SIDL        equ	3841	;# 
   661   000F02                     RXF0EIDH        equ	3842	;# 
   662   000F03                     RXF0EIDL        equ	3843	;# 
   663   000F04                     RXF1SIDH        equ	3844	;# 
   664   000F05                     RXF1SIDL        equ	3845	;# 
   665   000F06                     RXF1EIDH        equ	3846	;# 
   666   000F07                     RXF1EIDL        equ	3847	;# 
   667   000F08                     RXF2SIDH        equ	3848	;# 
   668   000F09                     RXF2SIDL        equ	3849	;# 
   669   000F0A                     RXF2EIDH        equ	3850	;# 
   670   000F0B                     RXF2EIDL        equ	3851	;# 
   671   000F0C                     RXF3SIDH        equ	3852	;# 
   672   000F0D                     RXF3SIDL        equ	3853	;# 
   673   000F0E                     RXF3EIDH        equ	3854	;# 
   674   000F0F                     RXF3EIDL        equ	3855	;# 
   675   000F10                     RXF4SIDH        equ	3856	;# 
   676   000F11                     RXF4SIDL        equ	3857	;# 
   677   000F12                     RXF4EIDH        equ	3858	;# 
   678   000F13                     RXF4EIDL        equ	3859	;# 
   679   000F14                     RXF5SIDH        equ	3860	;# 
   680   000F15                     RXF5SIDL        equ	3861	;# 
   681   000F16                     RXF5EIDH        equ	3862	;# 
   682   000F17                     RXF5EIDL        equ	3863	;# 
   683   000F18                     RXM0SIDH        equ	3864	;# 
   684   000F19                     RXM0SIDL        equ	3865	;# 
   685   000F1A                     RXM0EIDH        equ	3866	;# 
   686   000F1B                     RXM0EIDL        equ	3867	;# 
   687   000F1C                     RXM1SIDH        equ	3868	;# 
   688   000F1D                     RXM1SIDL        equ	3869	;# 
   689   000F1E                     RXM1EIDH        equ	3870	;# 
   690   000F1F                     RXM1EIDL        equ	3871	;# 
   691   000F20                     TXB2CON         equ	3872	;# 
   692   000F21                     TXB2SIDH        equ	3873	;# 
   693   000F22                     TXB2SIDL        equ	3874	;# 
   694   000F23                     TXB2EIDH        equ	3875	;# 
   695   000F24                     TXB2EIDL        equ	3876	;# 
   696   000F25                     TXB2DLC         equ	3877	;# 
   697   000F26                     TXB2D0          equ	3878	;# 
   698   000F27                     TXB2D1          equ	3879	;# 
   699   000F28                     TXB2D2          equ	3880	;# 
   700   000F29                     TXB2D3          equ	3881	;# 
   701   000F2A                     TXB2D4          equ	3882	;# 
   702   000F2B                     TXB2D5          equ	3883	;# 
   703   000F2C                     TXB2D6          equ	3884	;# 
   704   000F2D                     TXB2D7          equ	3885	;# 
   705   000F2E                     CANSTAT_RO3     equ	3886	;# 
   706   000F2F                     CANCON_RO3      equ	3887	;# 
   707   000F30                     TXB1CON         equ	3888	;# 
   708   000F31                     TXB1SIDH        equ	3889	;# 
   709   000F32                     TXB1SIDL        equ	3890	;# 
   710   000F33                     TXB1EIDH        equ	3891	;# 
   711   000F34                     TXB1EIDL        equ	3892	;# 
   712   000F35                     TXB1DLC         equ	3893	;# 
   713   000F36                     TXB1D0          equ	3894	;# 
   714   000F37                     TXB1D1          equ	3895	;# 
   715   000F38                     TXB1D2          equ	3896	;# 
   716   000F39                     TXB1D3          equ	3897	;# 
   717   000F3A                     TXB1D4          equ	3898	;# 
   718   000F3B                     TXB1D5          equ	3899	;# 
   719   000F3C                     TXB1D6          equ	3900	;# 
   720   000F3D                     TXB1D7          equ	3901	;# 
   721   000F3E                     CANSTAT_RO2     equ	3902	;# 
   722   000F3F                     CANCON_RO2      equ	3903	;# 
   723   000F40                     TXB0CON         equ	3904	;# 
   724   000F41                     TXB0SIDH        equ	3905	;# 
   725   000F42                     TXB0SIDL        equ	3906	;# 
   726   000F43                     TXB0EIDH        equ	3907	;# 
   727   000F44                     TXB0EIDL        equ	3908	;# 
   728   000F45                     TXB0DLC         equ	3909	;# 
   729   000F46                     TXB0D0          equ	3910	;# 
   730   000F47                     TXB0D1          equ	3911	;# 
   731   000F48                     TXB0D2          equ	3912	;# 
   732   000F49                     TXB0D3          equ	3913	;# 
   733   000F4A                     TXB0D4          equ	3914	;# 
   734   000F4B                     TXB0D5          equ	3915	;# 
   735   000F4C                     TXB0D6          equ	3916	;# 
   736   000F4D                     TXB0D7          equ	3917	;# 
   737   000F4E                     CANSTAT_RO1     equ	3918	;# 
   738   000F4F                     CANCON_RO1      equ	3919	;# 
   739   000F50                     RXB1CON         equ	3920	;# 
   740   000F51                     RXB1SIDH        equ	3921	;# 
   741   000F52                     RXB1SIDL        equ	3922	;# 
   742   000F53                     RXB1EIDH        equ	3923	;# 
   743   000F54                     RXB1EIDL        equ	3924	;# 
   744   000F55                     RXB1DLC         equ	3925	;# 
   745   000F56                     RXB1D0          equ	3926	;# 
   746   000F57                     RXB1D1          equ	3927	;# 
   747   000F58                     RXB1D2          equ	3928	;# 
   748   000F59                     RXB1D3          equ	3929	;# 
   749   000F5A                     RXB1D4          equ	3930	;# 
   750   000F5B                     RXB1D5          equ	3931	;# 
   751   000F5C                     RXB1D6          equ	3932	;# 
   752   000F5D                     RXB1D7          equ	3933	;# 
   753   000F5E                     CANSTAT_RO0     equ	3934	;# 
   754   000F5F                     CANCON_RO0      equ	3935	;# 
   755   000F60                     RXB0CON         equ	3936	;# 
   756   000F61                     RXB0SIDH        equ	3937	;# 
   757   000F62                     RXB0SIDL        equ	3938	;# 
   758   000F63                     RXB0EIDH        equ	3939	;# 
   759   000F64                     RXB0EIDL        equ	3940	;# 
   760   000F65                     RXB0DLC         equ	3941	;# 
   761   000F66                     RXB0D0          equ	3942	;# 
   762   000F67                     RXB0D1          equ	3943	;# 
   763   000F68                     RXB0D2          equ	3944	;# 
   764   000F69                     RXB0D3          equ	3945	;# 
   765   000F6A                     RXB0D4          equ	3946	;# 
   766   000F6B                     RXB0D5          equ	3947	;# 
   767   000F6C                     RXB0D6          equ	3948	;# 
   768   000F6D                     RXB0D7          equ	3949	;# 
   769   000F6E                     CANSTAT         equ	3950	;# 
   770   000F6F                     CANCON          equ	3951	;# 
   771   000F70                     BRGCON1         equ	3952	;# 
   772   000F71                     BRGCON2         equ	3953	;# 
   773   000F72                     BRGCON3         equ	3954	;# 
   774   000F73                     CIOCON          equ	3955	;# 
   775   000F74                     COMSTAT         equ	3956	;# 
   776   000F75                     RXERRCNT        equ	3957	;# 
   777   000F76                     TXERRCNT        equ	3958	;# 
   778   000F77                     ECANCON         equ	3959	;# 
   779   000F80                     PORTA           equ	3968	;# 
   780   000F81                     PORTB           equ	3969	;# 
   781   000F82                     PORTC           equ	3970	;# 
   782   000F83                     PORTD           equ	3971	;# 
   783   000F84                     PORTE           equ	3972	;# 
   784   000F89                     LATA            equ	3977	;# 
   785   000F8A                     LATB            equ	3978	;# 
   786   000F8B                     LATC            equ	3979	;# 
   787   000F8C                     LATD            equ	3980	;# 
   788   000F8D                     LATE            equ	3981	;# 
   789   000F92                     TRISA           equ	3986	;# 
   790   000F92                     DDRA            equ	3986	;# 
   791   000F93                     TRISB           equ	3987	;# 
   792   000F93                     DDRB            equ	3987	;# 
   793   000F94                     TRISC           equ	3988	;# 
   794   000F94                     DDRC            equ	3988	;# 
   795   000F95                     TRISD           equ	3989	;# 
   796   000F95                     DDRD            equ	3989	;# 
   797   000F96                     TRISE           equ	3990	;# 
   798   000F96                     DDRE            equ	3990	;# 
   799   000F9B                     OSCTUNE         equ	3995	;# 
   800   000F9D                     PIE1            equ	3997	;# 
   801   000F9E                     PIR1            equ	3998	;# 
   802   000F9F                     IPR1            equ	3999	;# 
   803   000FA0                     PIE2            equ	4000	;# 
   804   000FA1                     PIR2            equ	4001	;# 
   805   000FA2                     IPR2            equ	4002	;# 
   806   000FA3                     PIE3            equ	4003	;# 
   807   000FA4                     PIR3            equ	4004	;# 
   808   000FA5                     IPR3            equ	4005	;# 
   809   000FA6                     EECON1          equ	4006	;# 
   810   000FA7                     EECON2          equ	4007	;# 
   811   000FA8                     EEDATA          equ	4008	;# 
   812   000FA9                     EEADR           equ	4009	;# 
   813   000FAB                     RCSTA           equ	4011	;# 
   814   000FAB                     RCSTA1          equ	4011	;# 
   815   000FAC                     TXSTA           equ	4012	;# 
   816   000FAC                     TXSTA1          equ	4012	;# 
   817   000FAD                     TXREG           equ	4013	;# 
   818   000FAD                     TXREG1          equ	4013	;# 
   819   000FAE                     RCREG           equ	4014	;# 
   820   000FAE                     RCREG1          equ	4014	;# 
   821   000FAF                     SPBRG           equ	4015	;# 
   822   000FAF                     SPBRG1          equ	4015	;# 
   823   000FB0                     SPBRGH          equ	4016	;# 
   824   000FB1                     T3CON           equ	4017	;# 
   825   000FB2                     TMR3            equ	4018	;# 
   826   000FB2                     TMR3L           equ	4018	;# 
   827   000FB3                     TMR3H           equ	4019	;# 
   828   000FB4                     CMCON           equ	4020	;# 
   829   000FB5                     CVRCON          equ	4021	;# 
   830   000FB6                     ECCP1AS         equ	4022	;# 
   831   000FB7                     ECCP1DEL        equ	4023	;# 
   832   000FB8                     BAUDCON         equ	4024	;# 
   833   000FB8                     BAUDCTL         equ	4024	;# 
   834   000FBA                     ECCP1CON        equ	4026	;# 
   835   000FBB                     ECCPR1          equ	4027	;# 
   836   000FBB                     ECCPR1L         equ	4027	;# 
   837   000FBC                     ECCPR1H         equ	4028	;# 
   838   000FBD                     CCP1CON         equ	4029	;# 
   839   000FBE                     CCPR1           equ	4030	;# 
   840   000FBE                     CCPR1L          equ	4030	;# 
   841   000FBF                     CCPR1H          equ	4031	;# 
   842   000FC0                     ADCON2          equ	4032	;# 
   843   000FC1                     ADCON1          equ	4033	;# 
   844   000FC2                     ADCON0          equ	4034	;# 
   845   000FC3                     ADRES           equ	4035	;# 
   846   000FC3                     ADRESL          equ	4035	;# 
   847   000FC4                     ADRESH          equ	4036	;# 
   848   000FC5                     SSPCON2         equ	4037	;# 
   849   000FC6                     SSPCON1         equ	4038	;# 
   850   000FC7                     SSPSTAT         equ	4039	;# 
   851   000FC8                     SSPADD          equ	4040	;# 
   852   000FC9                     SSPBUF          equ	4041	;# 
   853   000FCA                     T2CON           equ	4042	;# 
   854   000FCB                     PR2             equ	4043	;# 
   855   000FCB                     MEMCON          equ	4043	;# 
   856   000FCC                     TMR2            equ	4044	;# 
   857   000FCD                     T1CON           equ	4045	;# 
   858   000FCE                     TMR1            equ	4046	;# 
   859   000FCE                     TMR1L           equ	4046	;# 
   860   000FCF                     TMR1H           equ	4047	;# 
   861   000FD0                     RCON            equ	4048	;# 
   862   000FD1                     WDTCON          equ	4049	;# 
   863   000FD2                     HLVDCON         equ	4050	;# 
   864   000FD2                     LVDCON          equ	4050	;# 
   865   000FD3                     OSCCON          equ	4051	;# 
   866   000FD5                     T0CON           equ	4053	;# 
   867   000FD6                     TMR0            equ	4054	;# 
   868   000FD6                     TMR0L           equ	4054	;# 
   869   000FD7                     TMR0H           equ	4055	;# 
   870   000FD8                     STATUS          equ	4056	;# 
   871   000FD9                     FSR2            equ	4057	;# 
   872   000FD9                     FSR2L           equ	4057	;# 
   873   000FDA                     FSR2H           equ	4058	;# 
   874   000FDB                     PLUSW2          equ	4059	;# 
   875   000FDC                     PREINC2         equ	4060	;# 
   876   000FDD                     POSTDEC2        equ	4061	;# 
   877   000FDE                     POSTINC2        equ	4062	;# 
   878   000FDF                     INDF2           equ	4063	;# 
   879   000FE0                     BSR             equ	4064	;# 
   880   000FE1                     FSR1            equ	4065	;# 
   881   000FE1                     FSR1L           equ	4065	;# 
   882   000FE2                     FSR1H           equ	4066	;# 
   883   000FE3                     PLUSW1          equ	4067	;# 
   884   000FE4                     PREINC1         equ	4068	;# 
   885   000FE5                     POSTDEC1        equ	4069	;# 
   886   000FE6                     POSTINC1        equ	4070	;# 
   887   000FE7                     INDF1           equ	4071	;# 
   888   000FE8                     WREG            equ	4072	;# 
   889   000FE9                     FSR0            equ	4073	;# 
   890   000FE9                     FSR0L           equ	4073	;# 
   891   000FEA                     FSR0H           equ	4074	;# 
   892   000FEB                     PLUSW0          equ	4075	;# 
   893   000FEC                     PREINC0         equ	4076	;# 
   894   000FED                     POSTDEC0        equ	4077	;# 
   895   000FEE                     POSTINC0        equ	4078	;# 
   896   000FEF                     INDF0           equ	4079	;# 
   897   000FF0                     INTCON3         equ	4080	;# 
   898   000FF1                     INTCON2         equ	4081	;# 
   899   000FF2                     INTCON          equ	4082	;# 
   900   000FF3                     PROD            equ	4083	;# 
   901   000FF3                     PRODL           equ	4083	;# 
   902   000FF4                     PRODH           equ	4084	;# 
   903   000FF5                     TABLAT          equ	4085	;# 
   904   000FF6                     TBLPTR          equ	4086	;# 
   905   000FF6                     TBLPTRL         equ	4086	;# 
   906   000FF7                     TBLPTRH         equ	4087	;# 
   907   000FF8                     TBLPTRU         equ	4088	;# 
   908   000FF9                     PCLAT           equ	4089	;# 
   909   000FF9                     PC              equ	4089	;# 
   910   000FF9                     PCL             equ	4089	;# 
   911   000FFA                     PCLATH          equ	4090	;# 
   912   000FFB                     PCLATU          equ	4091	;# 
   913   000FFC                     STKPTR          equ	4092	;# 
   914   000FFD                     TOS             equ	4093	;# 
   915   000FFD                     TOSL            equ	4093	;# 
   916   000FFE                     TOSH            equ	4094	;# 
   917   000FFF                     TOSU            equ	4095	;# 
   918   000D60                     RXF6SIDH        equ	3424	;# 
   919   000D61                     RXF6SIDL        equ	3425	;# 
   920   000D62                     RXF6EIDH        equ	3426	;# 
   921   000D63                     RXF6EIDL        equ	3427	;# 
   922   000D64                     RXF7SIDH        equ	3428	;# 
   923   000D65                     RXF7SIDL        equ	3429	;# 
   924   000D66                     RXF7EIDH        equ	3430	;# 
   925   000D67                     RXF7EIDL        equ	3431	;# 
   926   000D68                     RXF8SIDH        equ	3432	;# 
   927   000D69                     RXF8SIDL        equ	3433	;# 
   928   000D6A                     RXF8EIDH        equ	3434	;# 
   929   000D6B                     RXF8EIDL        equ	3435	;# 
   930   000D70                     RXF9SIDH        equ	3440	;# 
   931   000D71                     RXF9SIDL        equ	3441	;# 
   932   000D72                     RXF9EIDH        equ	3442	;# 
   933   000D73                     RXF9EIDL        equ	3443	;# 
   934   000D74                     RXF10SIDH       equ	3444	;# 
   935   000D75                     RXF10SIDL       equ	3445	;# 
   936   000D76                     RXF10EIDH       equ	3446	;# 
   937   000D77                     RXF10EIDL       equ	3447	;# 
   938   000D78                     RXF11SIDH       equ	3448	;# 
   939   000D79                     RXF11SIDL       equ	3449	;# 
   940   000D7A                     RXF11EIDH       equ	3450	;# 
   941   000D7B                     RXF11EIDL       equ	3451	;# 
   942   000D80                     RXF12SIDH       equ	3456	;# 
   943   000D81                     RXF12SIDL       equ	3457	;# 
   944   000D82                     RXF12EIDH       equ	3458	;# 
   945   000D83                     RXF12EIDL       equ	3459	;# 
   946   000D84                     RXF13SIDH       equ	3460	;# 
   947   000D85                     RXF13SIDL       equ	3461	;# 
   948   000D86                     RXF13EIDH       equ	3462	;# 
   949   000D87                     RXF13EIDL       equ	3463	;# 
   950   000D88                     RXF14SIDH       equ	3464	;# 
   951   000D89                     RXF14SIDL       equ	3465	;# 
   952   000D8A                     RXF14EIDH       equ	3466	;# 
   953   000D8B                     RXF14EIDL       equ	3467	;# 
   954   000D90                     RXF15SIDH       equ	3472	;# 
   955   000D91                     RXF15SIDL       equ	3473	;# 
   956   000D92                     RXF15EIDH       equ	3474	;# 
   957   000D93                     RXF15EIDL       equ	3475	;# 
   958   000DD4                     RXFCON0         equ	3540	;# 
   959   000DD5                     RXFCON1         equ	3541	;# 
   960   000DD8                     SDFLC           equ	3544	;# 
   961   000DE0                     RXFBCON0        equ	3552	;# 
   962   000DE1                     RXFBCON1        equ	3553	;# 
   963   000DE2                     RXFBCON2        equ	3554	;# 
   964   000DE3                     RXFBCON3        equ	3555	;# 
   965   000DE4                     RXFBCON4        equ	3556	;# 
   966   000DE5                     RXFBCON5        equ	3557	;# 
   967   000DE6                     RXFBCON6        equ	3558	;# 
   968   000DE7                     RXFBCON7        equ	3559	;# 
   969   000DF0                     MSEL0           equ	3568	;# 
   970   000DF1                     MSEL1           equ	3569	;# 
   971   000DF2                     MSEL2           equ	3570	;# 
   972   000DF3                     MSEL3           equ	3571	;# 
   973   000DF8                     BSEL0           equ	3576	;# 
   974   000DFA                     BIE0            equ	3578	;# 
   975   000DFC                     TXBIE           equ	3580	;# 
   976   000E20                     B0CON           equ	3616	;# 
   977   000E21                     B0SIDH          equ	3617	;# 
   978   000E22                     B0SIDL          equ	3618	;# 
   979   000E23                     B0EIDH          equ	3619	;# 
   980   000E24                     B0EIDL          equ	3620	;# 
   981   000E25                     B0DLC           equ	3621	;# 
   982   000E26                     B0D0            equ	3622	;# 
   983   000E27                     B0D1            equ	3623	;# 
   984   000E28                     B0D2            equ	3624	;# 
   985   000E29                     B0D3            equ	3625	;# 
   986   000E2A                     B0D4            equ	3626	;# 
   987   000E2B                     B0D5            equ	3627	;# 
   988   000E2C                     B0D6            equ	3628	;# 
   989   000E2D                     B0D7            equ	3629	;# 
   990   000E2E                     CANSTAT_RO9     equ	3630	;# 
   991   000E2F                     CANCON_RO9      equ	3631	;# 
   992   000E30                     B1CON           equ	3632	;# 
   993   000E31                     B1SIDH          equ	3633	;# 
   994   000E32                     B1SIDL          equ	3634	;# 
   995   000E33                     B1EIDH          equ	3635	;# 
   996   000E34                     B1EIDL          equ	3636	;# 
   997   000E35                     B1DLC           equ	3637	;# 
   998   000E36                     B1D0            equ	3638	;# 
   999   000E37                     B1D1            equ	3639	;# 
  1000   000E38                     B1D2            equ	3640	;# 
  1001   000E39                     B1D3            equ	3641	;# 
  1002   000E3A                     B1D4            equ	3642	;# 
  1003   000E3B                     B1D5            equ	3643	;# 
  1004   000E3C                     B1D6            equ	3644	;# 
  1005   000E3D                     B1D7            equ	3645	;# 
  1006   000E3E                     CANSTAT_RO8     equ	3646	;# 
  1007   000E3F                     CANCON_RO8      equ	3647	;# 
  1008   000E40                     B2CON           equ	3648	;# 
  1009   000E41                     B2SIDH          equ	3649	;# 
  1010   000E42                     B2SIDL          equ	3650	;# 
  1011   000E43                     B2EIDH          equ	3651	;# 
  1012   000E44                     B2EIDL          equ	3652	;# 
  1013   000E45                     B2DLC           equ	3653	;# 
  1014   000E46                     B2D0            equ	3654	;# 
  1015   000E47                     B2D1            equ	3655	;# 
  1016   000E48                     B2D2            equ	3656	;# 
  1017   000E49                     B2D3            equ	3657	;# 
  1018   000E4A                     B2D4            equ	3658	;# 
  1019   000E4B                     B2D5            equ	3659	;# 
  1020   000E4C                     B2D6            equ	3660	;# 
  1021   000E4D                     B2D7            equ	3661	;# 
  1022   000E4E                     CANSTAT_RO7     equ	3662	;# 
  1023   000E4F                     CANCON_RO7      equ	3663	;# 
  1024   000E50                     B3CON           equ	3664	;# 
  1025   000E51                     B3SIDH          equ	3665	;# 
  1026   000E52                     B3SIDL          equ	3666	;# 
  1027   000E53                     B3EIDH          equ	3667	;# 
  1028   000E54                     B3EIDL          equ	3668	;# 
  1029   000E55                     B3DLC           equ	3669	;# 
  1030   000E56                     B3D0            equ	3670	;# 
  1031   000E57                     B3D1            equ	3671	;# 
  1032   000E58                     B3D2            equ	3672	;# 
  1033   000E59                     B3D3            equ	3673	;# 
  1034   000E5A                     B3D4            equ	3674	;# 
  1035   000E5B                     B3D5            equ	3675	;# 
  1036   000E5C                     B3D6            equ	3676	;# 
  1037   000E5D                     B3D7            equ	3677	;# 
  1038   000E5E                     CANSTAT_RO6     equ	3678	;# 
  1039   000E5F                     CANCON_RO6      equ	3679	;# 
  1040   000E60                     B4CON           equ	3680	;# 
  1041   000E61                     B4SIDH          equ	3681	;# 
  1042   000E62                     B4SIDL          equ	3682	;# 
  1043   000E63                     B4EIDH          equ	3683	;# 
  1044   000E64                     B4EIDL          equ	3684	;# 
  1045   000E65                     B4DLC           equ	3685	;# 
  1046   000E66                     B4D0            equ	3686	;# 
  1047   000E67                     B4D1            equ	3687	;# 
  1048   000E68                     B4D2            equ	3688	;# 
  1049   000E69                     B4D3            equ	3689	;# 
  1050   000E6A                     B4D4            equ	3690	;# 
  1051   000E6B                     B4D5            equ	3691	;# 
  1052   000E6C                     B4D6            equ	3692	;# 
  1053   000E6D                     B4D7            equ	3693	;# 
  1054   000E6E                     CANSTAT_RO5     equ	3694	;# 
  1055   000E6F                     CANCON_RO5      equ	3695	;# 
  1056   000E70                     B5CON           equ	3696	;# 
  1057   000E71                     B5SIDH          equ	3697	;# 
  1058   000E72                     B5SIDL          equ	3698	;# 
  1059   000E73                     B5EIDH          equ	3699	;# 
  1060   000E74                     B5EIDL          equ	3700	;# 
  1061   000E75                     B5DLC           equ	3701	;# 
  1062   000E76                     B5D0            equ	3702	;# 
  1063   000E77                     B5D1            equ	3703	;# 
  1064   000E78                     B5D2            equ	3704	;# 
  1065   000E79                     B5D3            equ	3705	;# 
  1066   000E7A                     B5D4            equ	3706	;# 
  1067   000E7B                     B5D5            equ	3707	;# 
  1068   000E7C                     B5D6            equ	3708	;# 
  1069   000E7D                     B5D7            equ	3709	;# 
  1070   000E7E                     CANSTAT_RO4     equ	3710	;# 
  1071   000E7F                     CANCON_RO4      equ	3711	;# 
  1072   000F00                     RXF0SIDH        equ	3840	;# 
  1073   000F01                     RXF0SIDL        equ	3841	;# 
  1074   000F02                     RXF0EIDH        equ	3842	;# 
  1075   000F03                     RXF0EIDL        equ	3843	;# 
  1076   000F04                     RXF1SIDH        equ	3844	;# 
  1077   000F05                     RXF1SIDL        equ	3845	;# 
  1078   000F06                     RXF1EIDH        equ	3846	;# 
  1079   000F07                     RXF1EIDL        equ	3847	;# 
  1080   000F08                     RXF2SIDH        equ	3848	;# 
  1081   000F09                     RXF2SIDL        equ	3849	;# 
  1082   000F0A                     RXF2EIDH        equ	3850	;# 
  1083   000F0B                     RXF2EIDL        equ	3851	;# 
  1084   000F0C                     RXF3SIDH        equ	3852	;# 
  1085   000F0D                     RXF3SIDL        equ	3853	;# 
  1086   000F0E                     RXF3EIDH        equ	3854	;# 
  1087   000F0F                     RXF3EIDL        equ	3855	;# 
  1088   000F10                     RXF4SIDH        equ	3856	;# 
  1089   000F11                     RXF4SIDL        equ	3857	;# 
  1090   000F12                     RXF4EIDH        equ	3858	;# 
  1091   000F13                     RXF4EIDL        equ	3859	;# 
  1092   000F14                     RXF5SIDH        equ	3860	;# 
  1093   000F15                     RXF5SIDL        equ	3861	;# 
  1094   000F16                     RXF5EIDH        equ	3862	;# 
  1095   000F17                     RXF5EIDL        equ	3863	;# 
  1096   000F18                     RXM0SIDH        equ	3864	;# 
  1097   000F19                     RXM0SIDL        equ	3865	;# 
  1098   000F1A                     RXM0EIDH        equ	3866	;# 
  1099   000F1B                     RXM0EIDL        equ	3867	;# 
  1100   000F1C                     RXM1SIDH        equ	3868	;# 
  1101   000F1D                     RXM1SIDL        equ	3869	;# 
  1102   000F1E                     RXM1EIDH        equ	3870	;# 
  1103   000F1F                     RXM1EIDL        equ	3871	;# 
  1104   000F20                     TXB2CON         equ	3872	;# 
  1105   000F21                     TXB2SIDH        equ	3873	;# 
  1106   000F22                     TXB2SIDL        equ	3874	;# 
  1107   000F23                     TXB2EIDH        equ	3875	;# 
  1108   000F24                     TXB2EIDL        equ	3876	;# 
  1109   000F25                     TXB2DLC         equ	3877	;# 
  1110   000F26                     TXB2D0          equ	3878	;# 
  1111   000F27                     TXB2D1          equ	3879	;# 
  1112   000F28                     TXB2D2          equ	3880	;# 
  1113   000F29                     TXB2D3          equ	3881	;# 
  1114   000F2A                     TXB2D4          equ	3882	;# 
  1115   000F2B                     TXB2D5          equ	3883	;# 
  1116   000F2C                     TXB2D6          equ	3884	;# 
  1117   000F2D                     TXB2D7          equ	3885	;# 
  1118   000F2E                     CANSTAT_RO3     equ	3886	;# 
  1119   000F2F                     CANCON_RO3      equ	3887	;# 
  1120   000F30                     TXB1CON         equ	3888	;# 
  1121   000F31                     TXB1SIDH        equ	3889	;# 
  1122   000F32                     TXB1SIDL        equ	3890	;# 
  1123   000F33                     TXB1EIDH        equ	3891	;# 
  1124   000F34                     TXB1EIDL        equ	3892	;# 
  1125   000F35                     TXB1DLC         equ	3893	;# 
  1126   000F36                     TXB1D0          equ	3894	;# 
  1127   000F37                     TXB1D1          equ	3895	;# 
  1128   000F38                     TXB1D2          equ	3896	;# 
  1129   000F39                     TXB1D3          equ	3897	;# 
  1130   000F3A                     TXB1D4          equ	3898	;# 
  1131   000F3B                     TXB1D5          equ	3899	;# 
  1132   000F3C                     TXB1D6          equ	3900	;# 
  1133   000F3D                     TXB1D7          equ	3901	;# 
  1134   000F3E                     CANSTAT_RO2     equ	3902	;# 
  1135   000F3F                     CANCON_RO2      equ	3903	;# 
  1136   000F40                     TXB0CON         equ	3904	;# 
  1137   000F41                     TXB0SIDH        equ	3905	;# 
  1138   000F42                     TXB0SIDL        equ	3906	;# 
  1139   000F43                     TXB0EIDH        equ	3907	;# 
  1140   000F44                     TXB0EIDL        equ	3908	;# 
  1141   000F45                     TXB0DLC         equ	3909	;# 
  1142   000F46                     TXB0D0          equ	3910	;# 
  1143   000F47                     TXB0D1          equ	3911	;# 
  1144   000F48                     TXB0D2          equ	3912	;# 
  1145   000F49                     TXB0D3          equ	3913	;# 
  1146   000F4A                     TXB0D4          equ	3914	;# 
  1147   000F4B                     TXB0D5          equ	3915	;# 
  1148   000F4C                     TXB0D6          equ	3916	;# 
  1149   000F4D                     TXB0D7          equ	3917	;# 
  1150   000F4E                     CANSTAT_RO1     equ	3918	;# 
  1151   000F4F                     CANCON_RO1      equ	3919	;# 
  1152   000F50                     RXB1CON         equ	3920	;# 
  1153   000F51                     RXB1SIDH        equ	3921	;# 
  1154   000F52                     RXB1SIDL        equ	3922	;# 
  1155   000F53                     RXB1EIDH        equ	3923	;# 
  1156   000F54                     RXB1EIDL        equ	3924	;# 
  1157   000F55                     RXB1DLC         equ	3925	;# 
  1158   000F56                     RXB1D0          equ	3926	;# 
  1159   000F57                     RXB1D1          equ	3927	;# 
  1160   000F58                     RXB1D2          equ	3928	;# 
  1161   000F59                     RXB1D3          equ	3929	;# 
  1162   000F5A                     RXB1D4          equ	3930	;# 
  1163   000F5B                     RXB1D5          equ	3931	;# 
  1164   000F5C                     RXB1D6          equ	3932	;# 
  1165   000F5D                     RXB1D7          equ	3933	;# 
  1166   000F5E                     CANSTAT_RO0     equ	3934	;# 
  1167   000F5F                     CANCON_RO0      equ	3935	;# 
  1168   000F60                     RXB0CON         equ	3936	;# 
  1169   000F61                     RXB0SIDH        equ	3937	;# 
  1170   000F62                     RXB0SIDL        equ	3938	;# 
  1171   000F63                     RXB0EIDH        equ	3939	;# 
  1172   000F64                     RXB0EIDL        equ	3940	;# 
  1173   000F65                     RXB0DLC         equ	3941	;# 
  1174   000F66                     RXB0D0          equ	3942	;# 
  1175   000F67                     RXB0D1          equ	3943	;# 
  1176   000F68                     RXB0D2          equ	3944	;# 
  1177   000F69                     RXB0D3          equ	3945	;# 
  1178   000F6A                     RXB0D4          equ	3946	;# 
  1179   000F6B                     RXB0D5          equ	3947	;# 
  1180   000F6C                     RXB0D6          equ	3948	;# 
  1181   000F6D                     RXB0D7          equ	3949	;# 
  1182   000F6E                     CANSTAT         equ	3950	;# 
  1183   000F6F                     CANCON          equ	3951	;# 
  1184   000F70                     BRGCON1         equ	3952	;# 
  1185   000F71                     BRGCON2         equ	3953	;# 
  1186   000F72                     BRGCON3         equ	3954	;# 
  1187   000F73                     CIOCON          equ	3955	;# 
  1188   000F74                     COMSTAT         equ	3956	;# 
  1189   000F75                     RXERRCNT        equ	3957	;# 
  1190   000F76                     TXERRCNT        equ	3958	;# 
  1191   000F77                     ECANCON         equ	3959	;# 
  1192   000F80                     PORTA           equ	3968	;# 
  1193   000F81                     PORTB           equ	3969	;# 
  1194   000F82                     PORTC           equ	3970	;# 
  1195   000F83                     PORTD           equ	3971	;# 
  1196   000F84                     PORTE           equ	3972	;# 
  1197   000F89                     LATA            equ	3977	;# 
  1198   000F8A                     LATB            equ	3978	;# 
  1199   000F8B                     LATC            equ	3979	;# 
  1200   000F8C                     LATD            equ	3980	;# 
  1201   000F8D                     LATE            equ	3981	;# 
  1202   000F92                     TRISA           equ	3986	;# 
  1203   000F92                     DDRA            equ	3986	;# 
  1204   000F93                     TRISB           equ	3987	;# 
  1205   000F93                     DDRB            equ	3987	;# 
  1206   000F94                     TRISC           equ	3988	;# 
  1207   000F94                     DDRC            equ	3988	;# 
  1208   000F95                     TRISD           equ	3989	;# 
  1209   000F95                     DDRD            equ	3989	;# 
  1210   000F96                     TRISE           equ	3990	;# 
  1211   000F96                     DDRE            equ	3990	;# 
  1212   000F9B                     OSCTUNE         equ	3995	;# 
  1213   000F9D                     PIE1            equ	3997	;# 
  1214   000F9E                     PIR1            equ	3998	;# 
  1215   000F9F                     IPR1            equ	3999	;# 
  1216   000FA0                     PIE2            equ	4000	;# 
  1217   000FA1                     PIR2            equ	4001	;# 
  1218   000FA2                     IPR2            equ	4002	;# 
  1219   000FA3                     PIE3            equ	4003	;# 
  1220   000FA4                     PIR3            equ	4004	;# 
  1221   000FA5                     IPR3            equ	4005	;# 
  1222   000FA6                     EECON1          equ	4006	;# 
  1223   000FA7                     EECON2          equ	4007	;# 
  1224   000FA8                     EEDATA          equ	4008	;# 
  1225   000FA9                     EEADR           equ	4009	;# 
  1226   000FAB                     RCSTA           equ	4011	;# 
  1227   000FAB                     RCSTA1          equ	4011	;# 
  1228   000FAC                     TXSTA           equ	4012	;# 
  1229   000FAC                     TXSTA1          equ	4012	;# 
  1230   000FAD                     TXREG           equ	4013	;# 
  1231   000FAD                     TXREG1          equ	4013	;# 
  1232   000FAE                     RCREG           equ	4014	;# 
  1233   000FAE                     RCREG1          equ	4014	;# 
  1234   000FAF                     SPBRG           equ	4015	;# 
  1235   000FAF                     SPBRG1          equ	4015	;# 
  1236   000FB0                     SPBRGH          equ	4016	;# 
  1237   000FB1                     T3CON           equ	4017	;# 
  1238   000FB2                     TMR3            equ	4018	;# 
  1239   000FB2                     TMR3L           equ	4018	;# 
  1240   000FB3                     TMR3H           equ	4019	;# 
  1241   000FB4                     CMCON           equ	4020	;# 
  1242   000FB5                     CVRCON          equ	4021	;# 
  1243   000FB6                     ECCP1AS         equ	4022	;# 
  1244   000FB7                     ECCP1DEL        equ	4023	;# 
  1245   000FB8                     BAUDCON         equ	4024	;# 
  1246   000FB8                     BAUDCTL         equ	4024	;# 
  1247   000FBA                     ECCP1CON        equ	4026	;# 
  1248   000FBB                     ECCPR1          equ	4027	;# 
  1249   000FBB                     ECCPR1L         equ	4027	;# 
  1250   000FBC                     ECCPR1H         equ	4028	;# 
  1251   000FBD                     CCP1CON         equ	4029	;# 
  1252   000FBE                     CCPR1           equ	4030	;# 
  1253   000FBE                     CCPR1L          equ	4030	;# 
  1254   000FBF                     CCPR1H          equ	4031	;# 
  1255   000FC0                     ADCON2          equ	4032	;# 
  1256   000FC1                     ADCON1          equ	4033	;# 
  1257   000FC2                     ADCON0          equ	4034	;# 
  1258   000FC3                     ADRES           equ	4035	;# 
  1259   000FC3                     ADRESL          equ	4035	;# 
  1260   000FC4                     ADRESH          equ	4036	;# 
  1261   000FC5                     SSPCON2         equ	4037	;# 
  1262   000FC6                     SSPCON1         equ	4038	;# 
  1263   000FC7                     SSPSTAT         equ	4039	;# 
  1264   000FC8                     SSPADD          equ	4040	;# 
  1265   000FC9                     SSPBUF          equ	4041	;# 
  1266   000FCA                     T2CON           equ	4042	;# 
  1267   000FCB                     PR2             equ	4043	;# 
  1268   000FCB                     MEMCON          equ	4043	;# 
  1269   000FCC                     TMR2            equ	4044	;# 
  1270   000FCD                     T1CON           equ	4045	;# 
  1271   000FCE                     TMR1            equ	4046	;# 
  1272   000FCE                     TMR1L           equ	4046	;# 
  1273   000FCF                     TMR1H           equ	4047	;# 
  1274   000FD0                     RCON            equ	4048	;# 
  1275   000FD1                     WDTCON          equ	4049	;# 
  1276   000FD2                     HLVDCON         equ	4050	;# 
  1277   000FD2                     LVDCON          equ	4050	;# 
  1278   000FD3                     OSCCON          equ	4051	;# 
  1279   000FD5                     T0CON           equ	4053	;# 
  1280   000FD6                     TMR0            equ	4054	;# 
  1281   000FD6                     TMR0L           equ	4054	;# 
  1282   000FD7                     TMR0H           equ	4055	;# 
  1283   000FD8                     STATUS          equ	4056	;# 
  1284   000FD9                     FSR2            equ	4057	;# 
  1285   000FD9                     FSR2L           equ	4057	;# 
  1286   000FDA                     FSR2H           equ	4058	;# 
  1287   000FDB                     PLUSW2          equ	4059	;# 
  1288   000FDC                     PREINC2         equ	4060	;# 
  1289   000FDD                     POSTDEC2        equ	4061	;# 
  1290   000FDE                     POSTINC2        equ	4062	;# 
  1291   000FDF                     INDF2           equ	4063	;# 
  1292   000FE0                     BSR             equ	4064	;# 
  1293   000FE1                     FSR1            equ	4065	;# 
  1294   000FE1                     FSR1L           equ	4065	;# 
  1295   000FE2                     FSR1H           equ	4066	;# 
  1296   000FE3                     PLUSW1          equ	4067	;# 
  1297   000FE4                     PREINC1         equ	4068	;# 
  1298   000FE5                     POSTDEC1        equ	4069	;# 
  1299   000FE6                     POSTINC1        equ	4070	;# 
  1300   000FE7                     INDF1           equ	4071	;# 
  1301   000FE8                     WREG            equ	4072	;# 
  1302   000FE9                     FSR0            equ	4073	;# 
  1303   000FE9                     FSR0L           equ	4073	;# 
  1304   000FEA                     FSR0H           equ	4074	;# 
  1305   000FEB                     PLUSW0          equ	4075	;# 
  1306   000FEC                     PREINC0         equ	4076	;# 
  1307   000FED                     POSTDEC0        equ	4077	;# 
  1308   000FEE                     POSTINC0        equ	4078	;# 
  1309   000FEF                     INDF0           equ	4079	;# 
  1310   000FF0                     INTCON3         equ	4080	;# 
  1311   000FF1                     INTCON2         equ	4081	;# 
  1312   000FF2                     INTCON          equ	4082	;# 
  1313   000FF3                     PROD            equ	4083	;# 
  1314   000FF3                     PRODL           equ	4083	;# 
  1315   000FF4                     PRODH           equ	4084	;# 
  1316   000FF5                     TABLAT          equ	4085	;# 
  1317   000FF6                     TBLPTR          equ	4086	;# 
  1318   000FF6                     TBLPTRL         equ	4086	;# 
  1319   000FF7                     TBLPTRH         equ	4087	;# 
  1320   000FF8                     TBLPTRU         equ	4088	;# 
  1321   000FF9                     PCLAT           equ	4089	;# 
  1322   000FF9                     PC              equ	4089	;# 
  1323   000FF9                     PCL             equ	4089	;# 
  1324   000FFA                     PCLATH          equ	4090	;# 
  1325   000FFB                     PCLATU          equ	4091	;# 
  1326   000FFC                     STKPTR          equ	4092	;# 
  1327   000FFD                     TOS             equ	4093	;# 
  1328   000FFD                     TOSL            equ	4093	;# 
  1329   000FFE                     TOSH            equ	4094	;# 
  1330   000FFF                     TOSU            equ	4095	;# 
  1331   000FD6                     _TMR0           set	4054
  1332   000F93                     _TRISB          set	3987
  1333   000F81                     _PORTB          set	3969
  1334   007F96                     _PEIE           set	32662
  1335   007F97                     _GIE            set	32663
  1336   007EAF                     _TMR0ON         set	32431
  1337   007F95                     _TMR0IE         set	32661
  1338   007EAB                     _PSA            set	32427
  1339   007EAD                     _T0CS           set	32429
  1340   007EAE                     _T08BIT         set	32430
  1341   007F92                     _TMR0IF         set	32658
  1342                           
  1343                           ; #config settings
  1344                           
  1345                           	psect	cinit
  1346   00065C                     __pcinit:
  1347                           	callstack 0
  1348   00065C                     start_initialization:
  1349                           	callstack 0
  1350   00065C                     __initialization:
  1351                           	callstack 0
  1352                           
  1353                           ; Clear objects allocated to COMRAM (2 bytes)
  1354   00065C  6A03               	clrf	(__pbssCOMRAM+1)& (0+255),c
  1355   00065E  6A02               	clrf	__pbssCOMRAM& (0+255),c
  1356   000660                     end_of_initialization:
  1357                           	callstack 0
  1358   000660                     __end_of__initialization:
  1359                           	callstack 0
  1360   000660  9001               	bcf	int$flags,0,c	;clear compiler interrupt flag (level 1)
  1361   000662  9201               	bcf	int$flags,1,c	;clear compiler interrupt flag (level 2)
  1362   000664  0100               	movlb	0
  1363   000666  EF3C  F003         	goto	_main	;jump to C main() function
  1364                           
  1365                           	psect	bssCOMRAM
  1366   000002                     __pbssCOMRAM:
  1367                           	callstack 0
  1368   000002                     isr@count:
  1369                           	callstack 0
  1370   000002                     	ds	2
  1371                           
  1372                           	psect	cstackCOMRAM
  1373   000000                     __pcstackCOMRAM:
  1374                           	callstack 0
  1375   000000                     
  1376                           ; 1 bytes @ 0x0
  1377 ;;
  1378 ;;Main: autosize = 0, tempsize = 0, incstack = 0, save=0
  1379 ;;
  1380 ;; *************** function _main *****************
  1381 ;; Defined at:
  1382 ;;		line 23 in file "main.c"
  1383 ;; Parameters:    Size  Location     Type
  1384 ;;		None
  1385 ;; Auto vars:     Size  Location     Type
  1386 ;;		None
  1387 ;; Return value:  Size  Location     Type
  1388 ;;                  1    wreg      void 
  1389 ;; Registers used:
  1390 ;;		wreg, status,2, cstack
  1391 ;; Tracked objects:
  1392 ;;		On entry : 0/0
  1393 ;;		On exit  : 0/0
  1394 ;;		Unchanged: 0/0
  1395 ;; Data sizes:     COMRAM   BANK0   BANK1   BANK2   BANK3   BANK4   BANK5
  1396 ;;      Params:         0       0       0       0       0       0       0
  1397 ;;      Locals:         0       0       0       0       0       0       0
  1398 ;;      Temps:          0       0       0       0       0       0       0
  1399 ;;      Totals:         0       0       0       0       0       0       0
  1400 ;;Total ram usage:        0 bytes
  1401 ;; Hardware stack levels required when called: 3
  1402 ;; This function calls:
  1403 ;;		_init_config
  1404 ;; This function is called by:
  1405 ;;		Startup code after reset
  1406 ;; This function uses a non-reentrant model
  1407 ;;
  1408                           
  1409                           	psect	text0
  1410   000678                     __ptext0:
  1411                           	callstack 0
  1412   000678                     _main:
  1413                           	callstack 28
  1414   000678                     
  1415                           ;main.c: 24:     init_config();
  1416   000678  EC35  F003         	call	_init_config	;wreg free
  1417   00067C                     l50:
  1418   00067C                     
  1419                           ;main.c: 25:     while(1){
  1420   00067C  EF3E  F003         	goto	l50
  1421   000680  EF07  F000         	goto	start
  1422   000684                     __end_of_main:
  1423                           	callstack 0
  1424                           
  1425 ;; *************** function _init_config *****************
  1426 ;; Defined at:
  1427 ;;		line 12 in file "main.c"
  1428 ;; Parameters:    Size  Location     Type
  1429 ;;		None
  1430 ;; Auto vars:     Size  Location     Type
  1431 ;;		None
  1432 ;; Return value:  Size  Location     Type
  1433 ;;                  1    wreg      void 
  1434 ;; Registers used:
  1435 ;;		wreg, status,2, cstack
  1436 ;; Tracked objects:
  1437 ;;		On entry : 0/0
  1438 ;;		On exit  : 0/0
  1439 ;;		Unchanged: 0/0
  1440 ;; Data sizes:     COMRAM   BANK0   BANK1   BANK2   BANK3   BANK4   BANK5
  1441 ;;      Params:         0       0       0       0       0       0       0
  1442 ;;      Locals:         0       0       0       0       0       0       0
  1443 ;;      Temps:          0       0       0       0       0       0       0
  1444 ;;      Totals:         0       0       0       0       0       0       0
  1445 ;;Total ram usage:        0 bytes
  1446 ;; Hardware stack levels used: 1
  1447 ;; Hardware stack levels required when called: 2
  1448 ;; This function calls:
  1449 ;;		_init_timer0
  1450 ;; This function is called by:
  1451 ;;		_main
  1452 ;; This function uses a non-reentrant model
  1453 ;;
  1454                           
  1455                           	psect	text1
  1456   00066A                     __ptext1:
  1457                           	callstack 0
  1458   00066A                     _init_config:
  1459                           	callstack 28
  1460   00066A                     
  1461                           ;main.c: 14:     TRISB = 0x00;
  1462   00066A  6A93               	clrf	147,c	;volatile
  1463                           
  1464                           ;main.c: 15:     PORTB = 0x00;
  1465   00066C  6A81               	clrf	129,c	;volatile
  1466   00066E                     
  1467                           ;main.c: 17:     init_timer0();
  1468   00066E  EC24  F003         	call	_init_timer0	;wreg free
  1469   000672                     
  1470                           ;main.c: 19:     GIE = 1;
  1471   000672  8EF2               	bsf	4082,7,c	;volatile
  1472   000674                     
  1473                           ;main.c: 20:     PEIE = 1;
  1474   000674  8CF2               	bsf	4082,6,c	;volatile
  1475   000676  0012               	return		;funcret
  1476   000678                     __end_of_init_config:
  1477                           	callstack 0
  1478                           
  1479 ;; *************** function _init_timer0 *****************
  1480 ;; Defined at:
  1481 ;;		line 12 in file "timer0.c"
  1482 ;; Parameters:    Size  Location     Type
  1483 ;;		None
  1484 ;; Auto vars:     Size  Location     Type
  1485 ;;		None
  1486 ;; Return value:  Size  Location     Type
  1487 ;;                  1    wreg      void 
  1488 ;; Registers used:
  1489 ;;		wreg, status,2
  1490 ;; Tracked objects:
  1491 ;;		On entry : 0/0
  1492 ;;		On exit  : 0/0
  1493 ;;		Unchanged: 0/0
  1494 ;; Data sizes:     COMRAM   BANK0   BANK1   BANK2   BANK3   BANK4   BANK5
  1495 ;;      Params:         0       0       0       0       0       0       0
  1496 ;;      Locals:         0       0       0       0       0       0       0
  1497 ;;      Temps:          0       0       0       0       0       0       0
  1498 ;;      Totals:         0       0       0       0       0       0       0
  1499 ;;Total ram usage:        0 bytes
  1500 ;; Hardware stack levels used: 1
  1501 ;; Hardware stack levels required when called: 1
  1502 ;; This function calls:
  1503 ;;		Nothing
  1504 ;; This function is called by:
  1505 ;;		_init_config
  1506 ;; This function uses a non-reentrant model
  1507 ;;
  1508                           
  1509                           	psect	text2
  1510   000648                     __ptext2:
  1511                           	callstack 0
  1512   000648                     _init_timer0:
  1513                           	callstack 28
  1514   000648                     
  1515                           ;timer0.c: 15:     T08BIT = 1;
  1516   000648  8CD5               	bsf	4053,6,c	;volatile
  1517                           
  1518                           ;timer0.c: 16:     T0CS = 0;
  1519   00064A  9AD5               	bcf	4053,5,c	;volatile
  1520                           
  1521                           ;timer0.c: 17:     PSA = 1;
  1522   00064C  86D5               	bsf	4053,3,c	;volatile
  1523   00064E                     
  1524                           ;timer0.c: 19:     TMR0 = 6;
  1525   00064E  6AD7               	clrf	215,c	;volatile
  1526   000650  0E06               	movlw	6
  1527   000652  6ED6               	movwf	214,c	;volatile
  1528   000654                     
  1529                           ;timer0.c: 22:     TMR0IF = 0;
  1530   000654  94F2               	bcf	4082,2,c	;volatile
  1531   000656                     
  1532                           ;timer0.c: 23:     TMR0IE = 1;
  1533   000656  8AF2               	bsf	4082,5,c	;volatile
  1534   000658                     
  1535                           ;timer0.c: 25:     TMR0ON = 1;
  1536   000658  8ED5               	bsf	4053,7,c	;volatile
  1537   00065A  0012               	return		;funcret
  1538   00065C                     __end_of_init_timer0:
  1539                           	callstack 0
  1540                           
  1541 ;; *************** function _isr *****************
  1542 ;; Defined at:
  1543 ;;		line 12 in file "isr.c"
  1544 ;; Parameters:    Size  Location     Type
  1545 ;;		None
  1546 ;; Auto vars:     Size  Location     Type
  1547 ;;		None
  1548 ;; Return value:  Size  Location     Type
  1549 ;;                  1    wreg      void 
  1550 ;; Registers used:
  1551 ;;		wreg, status,2, status,0
  1552 ;; Tracked objects:
  1553 ;;		On entry : 0/0
  1554 ;;		On exit  : 0/0
  1555 ;;		Unchanged: 0/0
  1556 ;; Data sizes:     COMRAM   BANK0   BANK1   BANK2   BANK3   BANK4   BANK5
  1557 ;;      Params:         0       0       0       0       0       0       0
  1558 ;;      Locals:         0       0       0       0       0       0       0
  1559 ;;      Temps:          0       0       0       0       0       0       0
  1560 ;;      Totals:         0       0       0       0       0       0       0
  1561 ;;Total ram usage:        0 bytes
  1562 ;; Hardware stack levels used: 1
  1563 ;; This function calls:
  1564 ;;		Nothing
  1565 ;; This function is called by:
  1566 ;;		Interrupt level 2
  1567 ;; This function uses a non-reentrant model
  1568 ;;
  1569                           
  1570                           	psect	intcode
  1571   000008                     __pintcode:
  1572                           	callstack 0
  1573   000008                     _isr:
  1574                           	callstack 28
  1575                           
  1576                           ;incstack = 0
  1577   000008  8201               	bsf	int$flags,1,c	;set compiler interrupt flag (level 2)
  1578   00000A  ED01  F003         	call	int_func,f	;refresh shadow registers
  1579                           
  1580                           	psect	intcode_body
  1581   000602                     __pintcode_body:
  1582                           	callstack 28
  1583   000602                     int_func:
  1584                           	callstack 28
  1585   000602  0006               	pop		; remove dummy address from shadow register refresh
  1586   000604                     
  1587                           ;isr.c: 13:     static unsigned int count;;isr.c: 14:     if(TMR0IF){
  1588   000604  A4F2               	btfss	4082,2,c	;volatile
  1589   000606  EF07  F003         	goto	i2u1_41
  1590   00060A  EF09  F003         	goto	i2u1_40
  1591   00060E                     i2u1_41:
  1592   00060E  EF22  F003         	goto	i2l15
  1593   000612                     i2u1_40:
  1594   000612                     
  1595                           ;isr.c: 15:         TMR0 = TMR0 + 8;
  1596   000612  0E08               	movlw	8
  1597   000614  24D6               	addwf	214,w,c	;volatile
  1598   000616  6ED6               	movwf	214,c	;volatile
  1599   000618  0E00               	movlw	0
  1600   00061A  20D7               	addwfc	215,w,c	;volatile
  1601   00061C  6ED7               	movwf	215,c	;volatile
  1602                           
  1603                           ;isr.c: 16:         if(count++ == 5000){
  1604   00061E  4A02               	infsnz	isr@count^0,f,c
  1605   000620  2A03               	incf	(isr@count+1)^0,f,c
  1606   000622  0E89               	movlw	137
  1607   000624  1802               	xorwf	isr@count^0,w,c
  1608   000626  E107               	bnz	i2u2_41
  1609   000628  0E13               	movlw	19
  1610   00062A  1803               	xorwf	(isr@count+1)^0,w,c
  1611   00062C  A4D8               	btfss	status,2,c
  1612   00062E  EF1B  F003         	goto	i2u2_41
  1613   000632  EF1D  F003         	goto	i2u2_40
  1614   000636                     i2u2_41:
  1615   000636  EF21  F003         	goto	i2l865
  1616   00063A                     i2u2_40:
  1617   00063A                     
  1618                           ;isr.c: 17:             PORTB = ~PORTB;
  1619   00063A  1E81               	comf	129,f,c	;volatile
  1620   00063C                     
  1621                           ;isr.c: 18:             count = 0;
  1622   00063C  6A03               	clrf	(isr@count+1)^0,c
  1623   00063E  0E00               	movlw	0
  1624   000640  6E02               	movwf	isr@count^0,c
  1625   000642                     i2l865:
  1626                           
  1627                           ;isr.c: 20:         TMR0IF = 0;
  1628   000642  94F2               	bcf	4082,2,c	;volatile
  1629   000644                     i2l15:
  1630   000644  9201               	bcf	int$flags,1,c	;clear compiler interrupt flag (level 2)
  1631   000646  0011               	retfie		f
  1632   000648                     __end_of_isr:
  1633                           	callstack 0
  1634                           
  1635                           	psect	smallconst
  1636   000600                     __psmallconst:
  1637                           	callstack 0
  1638   000600  00                 	db	0
  1639   000601  00                 	db	0	; dummy byte at the end
  1640   000600                     __smallconst    set	__psmallconst
  1641   000600                     __mediumconst   set	__psmallconst
  1642   000000                     __activetblptr  equ	0
  1643                           
  1644                           	psect	rparam
  1645   000001                     ___rparam_used  equ	1
  1646   000000                     ___param_bank   equ	0
  1647   000000                     __Lparam        equ	__Lrparam
  1648   000000                     __Hparam        equ	__Hrparam
  1649   000001                     btemp           set	1	;btemp
  1650   000001                     int$flags       set	1
  1651   000001                     btemp0          set	1
  1652   000002                     btemp1          set	2
  1653                           tosu	equ	0xFFF
  1654                           tosh	equ	0xFFE
  1655                           tosl	equ	0xFFD
  1656                           stkptr	equ	0xFFC
  1657                           pclatu	equ	0xFFB
  1658                           pclath	equ	0xFFA
  1659                           pcl	equ	0xFF9
  1660                           tblptru	equ	0xFF8
  1661                           tblptrh	equ	0xFF7
  1662                           tblptrl	equ	0xFF6
  1663                           tablat	equ	0xFF5
  1664                           prodh	equ	0xFF4
  1665                           prodl	equ	0xFF3
  1666                           indf0	equ	0xFEF
  1667                           postinc0	equ	0xFEE
  1668                           postdec0	equ	0xFED
  1669                           preinc0	equ	0xFEC
  1670                           plusw0	equ	0xFEB
  1671                           fsr0h	equ	0xFEA
  1672                           fsr0l	equ	0xFE9
  1673                           wreg	equ	0xFE8
  1674                           indf1	equ	0xFE7
  1675                           postinc1	equ	0xFE6
  1676                           postdec1	equ	0xFE5
  1677                           preinc1	equ	0xFE4
  1678                           plusw1	equ	0xFE3
  1679                           fsr1h	equ	0xFE2
  1680                           fsr1l	equ	0xFE1
  1681                           bsr	equ	0xFE0
  1682                           indf2	equ	0xFDF
  1683                           postinc2	equ	0xFDE
  1684                           postdec2	equ	0xFDD
  1685                           preinc2	equ	0xFDC
  1686                           plusw2	equ	0xFDB
  1687                           fsr2h	equ	0xFDA
  1688                           fsr2l	equ	0xFD9
  1689                           status	equ	0xFD8

Data Sizes:
    Strings     0
    Constant    0
    Data        0
    BSS         2
    Persistent  0
    Stack       0

Auto Spaces:
    Space          Size  Autos    Used
    COMRAM           94      0       2
    BANK0           160      0       0
    BANK1           256      0       0
    BANK2           256      0       0
    BANK3           256      0       0
    BANK4           256      0       0
    BANK5           256      0       0

Pointer List with Targets:

    None.

Critical Paths under _main in COMRAM

    None.

Critical Paths under _isr in COMRAM

    None.

Critical Paths under _main in BANK0

    None.

Critical Paths under _isr in BANK0

    None.

Critical Paths under _main in BANK1

    None.

Critical Paths under _isr in BANK1

    None.

Critical Paths under _main in BANK2

    None.

Critical Paths under _isr in BANK2

    None.

Critical Paths under _main in BANK3

    None.

Critical Paths under _isr in BANK3

    None.

Critical Paths under _main in BANK4

    None.

Critical Paths under _isr in BANK4

    None.

Critical Paths under _main in BANK5

    None.

Critical Paths under _isr in BANK5

    None.

Call Graph Tables:

 ---------------------------------------------------------------------------------
 (Depth) Function   	        Calls       Base Space   Used Autos Params    Refs
 ---------------------------------------------------------------------------------
 (0) _main                                                 0     0      0       0
                        _init_config
 ---------------------------------------------------------------------------------
 (1) _init_config                                          0     0      0       0
                        _init_timer0
 ---------------------------------------------------------------------------------
 (2) _init_timer0                                          0     0      0       0
 ---------------------------------------------------------------------------------
 Estimated maximum stack depth 2
 ---------------------------------------------------------------------------------
 (Depth) Function   	        Calls       Base Space   Used Autos Params    Refs
 ---------------------------------------------------------------------------------
 (3) _isr                                                  0     0      0       0
 ---------------------------------------------------------------------------------
 Estimated maximum stack depth 3
 ---------------------------------------------------------------------------------

 Call Graph Graphs:

 _main (ROOT)
   _init_config
     _init_timer0

 _isr (ROOT)

Address spaces:
Name               Size   Autos  Total    Usage
BIGRAM            1535      0       0      0.0%
BITBIGSFRlll       641      0       0      0.0%
BITBANK5           256      0       0      0.0%
BANK5              256      0       0      0.0%
BITBANK4           256      0       0      0.0%
BANK4              256      0       0      0.0%
BITBANK3           256      0       0      0.0%
BANK3              256      0       0      0.0%
BITBANK2           256      0       0      0.0%
BANK2              256      0       0      0.0%
BITBANK1           256      0       0      0.0%
BANK1              256      0       0      0.0%
BITBANK0           160      0       0      0.0%
BANK0              160      0       0      0.0%
BITCOMRAM           94      0       0      0.0%
COMRAM              94      0       2      2.1%
BITBIGSFRllh        83      0       0      0.0%
BITBIGSFRlh         28      0       0      0.0%
BITBIGSFRh          13      0       0      0.0%
STACK                0      0       0      0.0%
DATA                 0      0       2      0.0%


Microchip Technology PIC18 Macro Assembler V4.00 build 20260614213421 
Symbol Table                                                                                   Sun Oct 11 01:18:22 2026

                     l32 065A                       l50 067C                       l51 067C  
                     l45 0676                      l841 064E                      l843 0654  
                    l851 066E                      l845 0656                      l853 0672  
                    l847 0658                      l839 0648                      l855 0674  
                    l849 066A                      l867 0678                      _GIE 7F97  
                    _PSA 7EAB                      _isr 0008                     ?_isr 0000  
                   _T0CS 7EAD                     _PEIE 7F96                     i2l15 0644  
                   _TMR0 0FD6                     _main 0678                     btemp 0001  
                   start 000E             ___param_bank 0000                    ??_isr 0000  
                  ?_main 0000             ?_init_config 0000                    i2l861 063A  
                  i2l863 063C                    i2l865 0642                    i2l857 0604  
                  i2l859 0612                    _PORTB 0F81                    _TRISB 0F93  
           ?_init_timer0 0000                    btemp0 0001                    btemp1 0002  
                  status 0FD8          __initialization 065C             __end_of_main 0684  
                 ??_main 0000            __activetblptr 0000                   _T08BIT 7EAE  
                 _TMR0IE 7F95                   _TMR0IF 7F92                   _TMR0ON 7EAF  
                 i2u1_40 0612                   i2u1_41 060E                   i2u2_40 063A  
                 i2u2_41 0636                   isa$std 0001             __mediumconst 0600  
             __accesstop 0060  __end_of__initialization 0660            ___rparam_used 0001  
         __pcstackCOMRAM 0000                  __Hparam 0000                  __Lparam 0000  
           __psmallconst 0600                  __pcinit 065C                  __ramtop 0600  
                __ptext0 0678                  __ptext1 066A                  __ptext2 0648  
         __pintcode_body 0602     end_of_initialization 0660                  int_func 0602  
    start_initialization 065C              __end_of_isr 0648            ??_init_config 0000  
          ??_init_timer0 0000              __pbssCOMRAM 0002                __pintcode 0008  
            __smallconst 0600      __end_of_init_config 0678      __end_of_init_timer0 065C  
               __Hrparam 0000                 __Lrparam 0000              _init_config 066A  
            _init_timer0 0648                 isa$xinst 0000                 int$flags 0001  
               isr@count 0002                 intlevel2 0000  
