

Microchip MPLAB XC8 Assembler V4.00 build 20260614213421 
                                                                                               Tue Oct  6 11:25:33 2026

Microchip MPLAB XC8 C Compiler v4.00 build 20260614213421 Og1 
     1                           	processor	18F4580
     2                           	fnconf	rparam,??,?,0
     3                           	pagewidth 120
     4                           	psect	idataCOMRAM,global,class=CODE,space=0,delta=1,noexec
     5                           	psect	cinit,global,reloc=2,class=CODE,space=0,delta=1
     6                           	psect	bssCOMRAM,global,class=COMRAM,space=1,delta=1,lowdata,noexec
     7                           	psect	dataCOMRAM,global,class=COMRAM,space=1,delta=1,lowdata,noexec
     8                           	psect	cstackCOMRAM,global,class=COMRAM,space=1,delta=1,lowdata,noexec
     9                           	psect	text0,global,reloc=2,class=CODE,space=0,delta=1
    10                           	psect	text1,global,reloc=2,class=CODE,space=0,delta=1
    11                           	psect	text2,global,reloc=2,class=CODE,space=0,delta=1
    12                           	psect	text3,global,reloc=2,class=CODE,space=0,delta=1
    13                           	psect	text4,global,reloc=2,class=CODE,space=0,delta=1
    14                           	psect	intcode,global,reloc=2,class=CODE,space=0,delta=1
    15                           	psect	intcode_body,global,reloc=2,class=CODE,space=0,delta=1
    16                           	psect	smallconst,global,reloc=2,class=SMALLCONST,space=0,delta=1,noexec
    17                           	psect	intsave_regs,global,class=BIGRAM,space=1,delta=1,noexec
    18                           	psect	rparam,global,class=COMRAM,space=1,delta=1,noexec
    19                           	dabs	1,0x1,1
    20   000000                     
    21                           ; Generated 02/09/2026 GMT
    22                           ; 
    23                           ; Copyright (c) 2026 Microchip Technology Inc. and its subsidiaries.
    24                           ; 
    25                           ; Licensed under the Apache License, Version 2.0 (the "License");
    26                           ; you may not use this file except in compliance with the License.
    27                           ; You may obtain a copy of the License at
    28                           ; 
    29                           ;   http://www.apache.org/licenses/LICENSE-2.0
    30                           ; 
    31                           ; Unless required by applicable law or agreed to in writing, software
    32                           ; distributed under the License is distributed on an "AS IS" BASIS,
    33                           ; WITHOUT WARRANTIES OR CONDITIONS OF ANY KIND, either express or implied.
    34                           ; See the License for the specific language governing permissions and
    35                           ; limitations under the License.
    36                           ; 
    37                           ; 
    38                           ; Code-generator required, PIC18F4580 Definitions
    39                           ; 
    40                           ; SFR Addresses
    41   000FE0                     bsr             equ	4064
    42   000FE9                     fsr0            equ	4073
    43   000FEA                     fsr0h           equ	4074
    44   000FE9                     fsr0l           equ	4073
    45   000FE1                     fsr1            equ	4065
    46   000FE2                     fsr1h           equ	4066
    47   000FE1                     fsr1l           equ	4065
    48   000FD9                     fsr2            equ	4057
    49   000FDA                     fsr2h           equ	4058
    50   000FD9                     fsr2l           equ	4057
    51   000FEF                     indf0           equ	4079
    52   000FE7                     indf1           equ	4071
    53   000FDF                     indf2           equ	4063
    54   000FF2                     intcon          equ	4082
    55   000000                     nvmcon          equ	0
    56   000FF9                     pcl             equ	4089
    57   000FFA                     pclath          equ	4090
    58   000FFB                     pclatu          equ	4091
    59   000FEB                     plusw0          equ	4075
    60   000FE3                     plusw1          equ	4067
    61   000FDB                     plusw2          equ	4059
    62   000FED                     postdec0        equ	4077
    63   000FE5                     postdec1        equ	4069
    64   000FDD                     postdec2        equ	4061
    65   000FEE                     postinc0        equ	4078
    66   000FE6                     postinc1        equ	4070
    67   000FDE                     postinc2        equ	4062
    68   000FEC                     preinc0         equ	4076
    69   000FE4                     preinc1         equ	4068
    70   000FDC                     preinc2         equ	4060
    71   000FF3                     prod            equ	4083
    72   000FF4                     prodh           equ	4084
    73   000FF3                     prodl           equ	4083
    74   000FD8                     status          equ	4056
    75   000FF5                     tablat          equ	4085
    76   000FF6                     tblptr          equ	4086
    77   000FF7                     tblptrh         equ	4087
    78   000FF6                     tblptrl         equ	4086
    79   000FF8                     tblptru         equ	4088
    80   000FFD                     tosl            equ	4093
    81   000FE8                     wreg            equ	4072
    82   000D60                     RXF6SIDH        equ	3424	;# 
    83   000D61                     RXF6SIDL        equ	3425	;# 
    84   000D62                     RXF6EIDH        equ	3426	;# 
    85   000D63                     RXF6EIDL        equ	3427	;# 
    86   000D64                     RXF7SIDH        equ	3428	;# 
    87   000D65                     RXF7SIDL        equ	3429	;# 
    88   000D66                     RXF7EIDH        equ	3430	;# 
    89   000D67                     RXF7EIDL        equ	3431	;# 
    90   000D68                     RXF8SIDH        equ	3432	;# 
    91   000D69                     RXF8SIDL        equ	3433	;# 
    92   000D6A                     RXF8EIDH        equ	3434	;# 
    93   000D6B                     RXF8EIDL        equ	3435	;# 
    94   000D70                     RXF9SIDH        equ	3440	;# 
    95   000D71                     RXF9SIDL        equ	3441	;# 
    96   000D72                     RXF9EIDH        equ	3442	;# 
    97   000D73                     RXF9EIDL        equ	3443	;# 
    98   000D74                     RXF10SIDH       equ	3444	;# 
    99   000D75                     RXF10SIDL       equ	3445	;# 
   100   000D76                     RXF10EIDH       equ	3446	;# 
   101   000D77                     RXF10EIDL       equ	3447	;# 
   102   000D78                     RXF11SIDH       equ	3448	;# 
   103   000D79                     RXF11SIDL       equ	3449	;# 
   104   000D7A                     RXF11EIDH       equ	3450	;# 
   105   000D7B                     RXF11EIDL       equ	3451	;# 
   106   000D80                     RXF12SIDH       equ	3456	;# 
   107   000D81                     RXF12SIDL       equ	3457	;# 
   108   000D82                     RXF12EIDH       equ	3458	;# 
   109   000D83                     RXF12EIDL       equ	3459	;# 
   110   000D84                     RXF13SIDH       equ	3460	;# 
   111   000D85                     RXF13SIDL       equ	3461	;# 
   112   000D86                     RXF13EIDH       equ	3462	;# 
   113   000D87                     RXF13EIDL       equ	3463	;# 
   114   000D88                     RXF14SIDH       equ	3464	;# 
   115   000D89                     RXF14SIDL       equ	3465	;# 
   116   000D8A                     RXF14EIDH       equ	3466	;# 
   117   000D8B                     RXF14EIDL       equ	3467	;# 
   118   000D90                     RXF15SIDH       equ	3472	;# 
   119   000D91                     RXF15SIDL       equ	3473	;# 
   120   000D92                     RXF15EIDH       equ	3474	;# 
   121   000D93                     RXF15EIDL       equ	3475	;# 
   122   000DD4                     RXFCON0         equ	3540	;# 
   123   000DD5                     RXFCON1         equ	3541	;# 
   124   000DD8                     SDFLC           equ	3544	;# 
   125   000DE0                     RXFBCON0        equ	3552	;# 
   126   000DE1                     RXFBCON1        equ	3553	;# 
   127   000DE2                     RXFBCON2        equ	3554	;# 
   128   000DE3                     RXFBCON3        equ	3555	;# 
   129   000DE4                     RXFBCON4        equ	3556	;# 
   130   000DE5                     RXFBCON5        equ	3557	;# 
   131   000DE6                     RXFBCON6        equ	3558	;# 
   132   000DE7                     RXFBCON7        equ	3559	;# 
   133   000DF0                     MSEL0           equ	3568	;# 
   134   000DF1                     MSEL1           equ	3569	;# 
   135   000DF2                     MSEL2           equ	3570	;# 
   136   000DF3                     MSEL3           equ	3571	;# 
   137   000DF8                     BSEL0           equ	3576	;# 
   138   000DFA                     BIE0            equ	3578	;# 
   139   000DFC                     TXBIE           equ	3580	;# 
   140   000E20                     B0CON           equ	3616	;# 
   141   000E21                     B0SIDH          equ	3617	;# 
   142   000E22                     B0SIDL          equ	3618	;# 
   143   000E23                     B0EIDH          equ	3619	;# 
   144   000E24                     B0EIDL          equ	3620	;# 
   145   000E25                     B0DLC           equ	3621	;# 
   146   000E26                     B0D0            equ	3622	;# 
   147   000E27                     B0D1            equ	3623	;# 
   148   000E28                     B0D2            equ	3624	;# 
   149   000E29                     B0D3            equ	3625	;# 
   150   000E2A                     B0D4            equ	3626	;# 
   151   000E2B                     B0D5            equ	3627	;# 
   152   000E2C                     B0D6            equ	3628	;# 
   153   000E2D                     B0D7            equ	3629	;# 
   154   000E2E                     CANSTAT_RO9     equ	3630	;# 
   155   000E2F                     CANCON_RO9      equ	3631	;# 
   156   000E30                     B1CON           equ	3632	;# 
   157   000E31                     B1SIDH          equ	3633	;# 
   158   000E32                     B1SIDL          equ	3634	;# 
   159   000E33                     B1EIDH          equ	3635	;# 
   160   000E34                     B1EIDL          equ	3636	;# 
   161   000E35                     B1DLC           equ	3637	;# 
   162   000E36                     B1D0            equ	3638	;# 
   163   000E37                     B1D1            equ	3639	;# 
   164   000E38                     B1D2            equ	3640	;# 
   165   000E39                     B1D3            equ	3641	;# 
   166   000E3A                     B1D4            equ	3642	;# 
   167   000E3B                     B1D5            equ	3643	;# 
   168   000E3C                     B1D6            equ	3644	;# 
   169   000E3D                     B1D7            equ	3645	;# 
   170   000E3E                     CANSTAT_RO8     equ	3646	;# 
   171   000E3F                     CANCON_RO8      equ	3647	;# 
   172   000E40                     B2CON           equ	3648	;# 
   173   000E41                     B2SIDH          equ	3649	;# 
   174   000E42                     B2SIDL          equ	3650	;# 
   175   000E43                     B2EIDH          equ	3651	;# 
   176   000E44                     B2EIDL          equ	3652	;# 
   177   000E45                     B2DLC           equ	3653	;# 
   178   000E46                     B2D0            equ	3654	;# 
   179   000E47                     B2D1            equ	3655	;# 
   180   000E48                     B2D2            equ	3656	;# 
   181   000E49                     B2D3            equ	3657	;# 
   182   000E4A                     B2D4            equ	3658	;# 
   183   000E4B                     B2D5            equ	3659	;# 
   184   000E4C                     B2D6            equ	3660	;# 
   185   000E4D                     B2D7            equ	3661	;# 
   186   000E4E                     CANSTAT_RO7     equ	3662	;# 
   187   000E4F                     CANCON_RO7      equ	3663	;# 
   188   000E50                     B3CON           equ	3664	;# 
   189   000E51                     B3SIDH          equ	3665	;# 
   190   000E52                     B3SIDL          equ	3666	;# 
   191   000E53                     B3EIDH          equ	3667	;# 
   192   000E54                     B3EIDL          equ	3668	;# 
   193   000E55                     B3DLC           equ	3669	;# 
   194   000E56                     B3D0            equ	3670	;# 
   195   000E57                     B3D1            equ	3671	;# 
   196   000E58                     B3D2            equ	3672	;# 
   197   000E59                     B3D3            equ	3673	;# 
   198   000E5A                     B3D4            equ	3674	;# 
   199   000E5B                     B3D5            equ	3675	;# 
   200   000E5C                     B3D6            equ	3676	;# 
   201   000E5D                     B3D7            equ	3677	;# 
   202   000E5E                     CANSTAT_RO6     equ	3678	;# 
   203   000E5F                     CANCON_RO6      equ	3679	;# 
   204   000E60                     B4CON           equ	3680	;# 
   205   000E61                     B4SIDH          equ	3681	;# 
   206   000E62                     B4SIDL          equ	3682	;# 
   207   000E63                     B4EIDH          equ	3683	;# 
   208   000E64                     B4EIDL          equ	3684	;# 
   209   000E65                     B4DLC           equ	3685	;# 
   210   000E66                     B4D0            equ	3686	;# 
   211   000E67                     B4D1            equ	3687	;# 
   212   000E68                     B4D2            equ	3688	;# 
   213   000E69                     B4D3            equ	3689	;# 
   214   000E6A                     B4D4            equ	3690	;# 
   215   000E6B                     B4D5            equ	3691	;# 
   216   000E6C                     B4D6            equ	3692	;# 
   217   000E6D                     B4D7            equ	3693	;# 
   218   000E6E                     CANSTAT_RO5     equ	3694	;# 
   219   000E6F                     CANCON_RO5      equ	3695	;# 
   220   000E70                     B5CON           equ	3696	;# 
   221   000E71                     B5SIDH          equ	3697	;# 
   222   000E72                     B5SIDL          equ	3698	;# 
   223   000E73                     B5EIDH          equ	3699	;# 
   224   000E74                     B5EIDL          equ	3700	;# 
   225   000E75                     B5DLC           equ	3701	;# 
   226   000E76                     B5D0            equ	3702	;# 
   227   000E77                     B5D1            equ	3703	;# 
   228   000E78                     B5D2            equ	3704	;# 
   229   000E79                     B5D3            equ	3705	;# 
   230   000E7A                     B5D4            equ	3706	;# 
   231   000E7B                     B5D5            equ	3707	;# 
   232   000E7C                     B5D6            equ	3708	;# 
   233   000E7D                     B5D7            equ	3709	;# 
   234   000E7E                     CANSTAT_RO4     equ	3710	;# 
   235   000E7F                     CANCON_RO4      equ	3711	;# 
   236   000F00                     RXF0SIDH        equ	3840	;# 
   237   000F01                     RXF0SIDL        equ	3841	;# 
   238   000F02                     RXF0EIDH        equ	3842	;# 
   239   000F03                     RXF0EIDL        equ	3843	;# 
   240   000F04                     RXF1SIDH        equ	3844	;# 
   241   000F05                     RXF1SIDL        equ	3845	;# 
   242   000F06                     RXF1EIDH        equ	3846	;# 
   243   000F07                     RXF1EIDL        equ	3847	;# 
   244   000F08                     RXF2SIDH        equ	3848	;# 
   245   000F09                     RXF2SIDL        equ	3849	;# 
   246   000F0A                     RXF2EIDH        equ	3850	;# 
   247   000F0B                     RXF2EIDL        equ	3851	;# 
   248   000F0C                     RXF3SIDH        equ	3852	;# 
   249   000F0D                     RXF3SIDL        equ	3853	;# 
   250   000F0E                     RXF3EIDH        equ	3854	;# 
   251   000F0F                     RXF3EIDL        equ	3855	;# 
   252   000F10                     RXF4SIDH        equ	3856	;# 
   253   000F11                     RXF4SIDL        equ	3857	;# 
   254   000F12                     RXF4EIDH        equ	3858	;# 
   255   000F13                     RXF4EIDL        equ	3859	;# 
   256   000F14                     RXF5SIDH        equ	3860	;# 
   257   000F15                     RXF5SIDL        equ	3861	;# 
   258   000F16                     RXF5EIDH        equ	3862	;# 
   259   000F17                     RXF5EIDL        equ	3863	;# 
   260   000F18                     RXM0SIDH        equ	3864	;# 
   261   000F19                     RXM0SIDL        equ	3865	;# 
   262   000F1A                     RXM0EIDH        equ	3866	;# 
   263   000F1B                     RXM0EIDL        equ	3867	;# 
   264   000F1C                     RXM1SIDH        equ	3868	;# 
   265   000F1D                     RXM1SIDL        equ	3869	;# 
   266   000F1E                     RXM1EIDH        equ	3870	;# 
   267   000F1F                     RXM1EIDL        equ	3871	;# 
   268   000F20                     TXB2CON         equ	3872	;# 
   269   000F21                     TXB2SIDH        equ	3873	;# 
   270   000F22                     TXB2SIDL        equ	3874	;# 
   271   000F23                     TXB2EIDH        equ	3875	;# 
   272   000F24                     TXB2EIDL        equ	3876	;# 
   273   000F25                     TXB2DLC         equ	3877	;# 
   274   000F26                     TXB2D0          equ	3878	;# 
   275   000F27                     TXB2D1          equ	3879	;# 
   276   000F28                     TXB2D2          equ	3880	;# 
   277   000F29                     TXB2D3          equ	3881	;# 
   278   000F2A                     TXB2D4          equ	3882	;# 
   279   000F2B                     TXB2D5          equ	3883	;# 
   280   000F2C                     TXB2D6          equ	3884	;# 
   281   000F2D                     TXB2D7          equ	3885	;# 
   282   000F2E                     CANSTAT_RO3     equ	3886	;# 
   283   000F2F                     CANCON_RO3      equ	3887	;# 
   284   000F30                     TXB1CON         equ	3888	;# 
   285   000F31                     TXB1SIDH        equ	3889	;# 
   286   000F32                     TXB1SIDL        equ	3890	;# 
   287   000F33                     TXB1EIDH        equ	3891	;# 
   288   000F34                     TXB1EIDL        equ	3892	;# 
   289   000F35                     TXB1DLC         equ	3893	;# 
   290   000F36                     TXB1D0          equ	3894	;# 
   291   000F37                     TXB1D1          equ	3895	;# 
   292   000F38                     TXB1D2          equ	3896	;# 
   293   000F39                     TXB1D3          equ	3897	;# 
   294   000F3A                     TXB1D4          equ	3898	;# 
   295   000F3B                     TXB1D5          equ	3899	;# 
   296   000F3C                     TXB1D6          equ	3900	;# 
   297   000F3D                     TXB1D7          equ	3901	;# 
   298   000F3E                     CANSTAT_RO2     equ	3902	;# 
   299   000F3F                     CANCON_RO2      equ	3903	;# 
   300   000F40                     TXB0CON         equ	3904	;# 
   301   000F41                     TXB0SIDH        equ	3905	;# 
   302   000F42                     TXB0SIDL        equ	3906	;# 
   303   000F43                     TXB0EIDH        equ	3907	;# 
   304   000F44                     TXB0EIDL        equ	3908	;# 
   305   000F45                     TXB0DLC         equ	3909	;# 
   306   000F46                     TXB0D0          equ	3910	;# 
   307   000F47                     TXB0D1          equ	3911	;# 
   308   000F48                     TXB0D2          equ	3912	;# 
   309   000F49                     TXB0D3          equ	3913	;# 
   310   000F4A                     TXB0D4          equ	3914	;# 
   311   000F4B                     TXB0D5          equ	3915	;# 
   312   000F4C                     TXB0D6          equ	3916	;# 
   313   000F4D                     TXB0D7          equ	3917	;# 
   314   000F4E                     CANSTAT_RO1     equ	3918	;# 
   315   000F4F                     CANCON_RO1      equ	3919	;# 
   316   000F50                     RXB1CON         equ	3920	;# 
   317   000F51                     RXB1SIDH        equ	3921	;# 
   318   000F52                     RXB1SIDL        equ	3922	;# 
   319   000F53                     RXB1EIDH        equ	3923	;# 
   320   000F54                     RXB1EIDL        equ	3924	;# 
   321   000F55                     RXB1DLC         equ	3925	;# 
   322   000F56                     RXB1D0          equ	3926	;# 
   323   000F57                     RXB1D1          equ	3927	;# 
   324   000F58                     RXB1D2          equ	3928	;# 
   325   000F59                     RXB1D3          equ	3929	;# 
   326   000F5A                     RXB1D4          equ	3930	;# 
   327   000F5B                     RXB1D5          equ	3931	;# 
   328   000F5C                     RXB1D6          equ	3932	;# 
   329   000F5D                     RXB1D7          equ	3933	;# 
   330   000F5E                     CANSTAT_RO0     equ	3934	;# 
   331   000F5F                     CANCON_RO0      equ	3935	;# 
   332   000F60                     RXB0CON         equ	3936	;# 
   333   000F61                     RXB0SIDH        equ	3937	;# 
   334   000F62                     RXB0SIDL        equ	3938	;# 
   335   000F63                     RXB0EIDH        equ	3939	;# 
   336   000F64                     RXB0EIDL        equ	3940	;# 
   337   000F65                     RXB0DLC         equ	3941	;# 
   338   000F66                     RXB0D0          equ	3942	;# 
   339   000F67                     RXB0D1          equ	3943	;# 
   340   000F68                     RXB0D2          equ	3944	;# 
   341   000F69                     RXB0D3          equ	3945	;# 
   342   000F6A                     RXB0D4          equ	3946	;# 
   343   000F6B                     RXB0D5          equ	3947	;# 
   344   000F6C                     RXB0D6          equ	3948	;# 
   345   000F6D                     RXB0D7          equ	3949	;# 
   346   000F6E                     CANSTAT         equ	3950	;# 
   347   000F6F                     CANCON          equ	3951	;# 
   348   000F70                     BRGCON1         equ	3952	;# 
   349   000F71                     BRGCON2         equ	3953	;# 
   350   000F72                     BRGCON3         equ	3954	;# 
   351   000F73                     CIOCON          equ	3955	;# 
   352   000F74                     COMSTAT         equ	3956	;# 
   353   000F75                     RXERRCNT        equ	3957	;# 
   354   000F76                     TXERRCNT        equ	3958	;# 
   355   000F77                     ECANCON         equ	3959	;# 
   356   000F80                     PORTA           equ	3968	;# 
   357   000F81                     PORTB           equ	3969	;# 
   358   000F82                     PORTC           equ	3970	;# 
   359   000F83                     PORTD           equ	3971	;# 
   360   000F84                     PORTE           equ	3972	;# 
   361   000F89                     LATA            equ	3977	;# 
   362   000F8A                     LATB            equ	3978	;# 
   363   000F8B                     LATC            equ	3979	;# 
   364   000F8C                     LATD            equ	3980	;# 
   365   000F8D                     LATE            equ	3981	;# 
   366   000F92                     TRISA           equ	3986	;# 
   367   000F92                     DDRA            equ	3986	;# 
   368   000F93                     TRISB           equ	3987	;# 
   369   000F93                     DDRB            equ	3987	;# 
   370   000F94                     TRISC           equ	3988	;# 
   371   000F94                     DDRC            equ	3988	;# 
   372   000F95                     TRISD           equ	3989	;# 
   373   000F95                     DDRD            equ	3989	;# 
   374   000F96                     TRISE           equ	3990	;# 
   375   000F96                     DDRE            equ	3990	;# 
   376   000F9B                     OSCTUNE         equ	3995	;# 
   377   000F9D                     PIE1            equ	3997	;# 
   378   000F9E                     PIR1            equ	3998	;# 
   379   000F9F                     IPR1            equ	3999	;# 
   380   000FA0                     PIE2            equ	4000	;# 
   381   000FA1                     PIR2            equ	4001	;# 
   382   000FA2                     IPR2            equ	4002	;# 
   383   000FA3                     PIE3            equ	4003	;# 
   384   000FA4                     PIR3            equ	4004	;# 
   385   000FA5                     IPR3            equ	4005	;# 
   386   000FA6                     EECON1          equ	4006	;# 
   387   000FA7                     EECON2          equ	4007	;# 
   388   000FA8                     EEDATA          equ	4008	;# 
   389   000FA9                     EEADR           equ	4009	;# 
   390   000FAB                     RCSTA           equ	4011	;# 
   391   000FAB                     RCSTA1          equ	4011	;# 
   392   000FAC                     TXSTA           equ	4012	;# 
   393   000FAC                     TXSTA1          equ	4012	;# 
   394   000FAD                     TXREG           equ	4013	;# 
   395   000FAD                     TXREG1          equ	4013	;# 
   396   000FAE                     RCREG           equ	4014	;# 
   397   000FAE                     RCREG1          equ	4014	;# 
   398   000FAF                     SPBRG           equ	4015	;# 
   399   000FAF                     SPBRG1          equ	4015	;# 
   400   000FB0                     SPBRGH          equ	4016	;# 
   401   000FB1                     T3CON           equ	4017	;# 
   402   000FB2                     TMR3            equ	4018	;# 
   403   000FB2                     TMR3L           equ	4018	;# 
   404   000FB3                     TMR3H           equ	4019	;# 
   405   000FB4                     CMCON           equ	4020	;# 
   406   000FB5                     CVRCON          equ	4021	;# 
   407   000FB6                     ECCP1AS         equ	4022	;# 
   408   000FB7                     ECCP1DEL        equ	4023	;# 
   409   000FB8                     BAUDCON         equ	4024	;# 
   410   000FB8                     BAUDCTL         equ	4024	;# 
   411   000FBA                     ECCP1CON        equ	4026	;# 
   412   000FBB                     ECCPR1          equ	4027	;# 
   413   000FBB                     ECCPR1L         equ	4027	;# 
   414   000FBC                     ECCPR1H         equ	4028	;# 
   415   000FBD                     CCP1CON         equ	4029	;# 
   416   000FBE                     CCPR1           equ	4030	;# 
   417   000FBE                     CCPR1L          equ	4030	;# 
   418   000FBF                     CCPR1H          equ	4031	;# 
   419   000FC0                     ADCON2          equ	4032	;# 
   420   000FC1                     ADCON1          equ	4033	;# 
   421   000FC2                     ADCON0          equ	4034	;# 
   422   000FC3                     ADRES           equ	4035	;# 
   423   000FC3                     ADRESL          equ	4035	;# 
   424   000FC4                     ADRESH          equ	4036	;# 
   425   000FC5                     SSPCON2         equ	4037	;# 
   426   000FC6                     SSPCON1         equ	4038	;# 
   427   000FC7                     SSPSTAT         equ	4039	;# 
   428   000FC8                     SSPADD          equ	4040	;# 
   429   000FC9                     SSPBUF          equ	4041	;# 
   430   000FCA                     T2CON           equ	4042	;# 
   431   000FCB                     PR2             equ	4043	;# 
   432   000FCB                     MEMCON          equ	4043	;# 
   433   000FCC                     TMR2            equ	4044	;# 
   434   000FCD                     T1CON           equ	4045	;# 
   435   000FCE                     TMR1            equ	4046	;# 
   436   000FCE                     TMR1L           equ	4046	;# 
   437   000FCF                     TMR1H           equ	4047	;# 
   438   000FD0                     RCON            equ	4048	;# 
   439   000FD1                     WDTCON          equ	4049	;# 
   440   000FD2                     HLVDCON         equ	4050	;# 
   441   000FD2                     LVDCON          equ	4050	;# 
   442   000FD3                     OSCCON          equ	4051	;# 
   443   000FD5                     T0CON           equ	4053	;# 
   444   000FD6                     TMR0            equ	4054	;# 
   445   000FD6                     TMR0L           equ	4054	;# 
   446   000FD7                     TMR0H           equ	4055	;# 
   447   000FD8                     STATUS          equ	4056	;# 
   448   000FD9                     FSR2            equ	4057	;# 
   449   000FD9                     FSR2L           equ	4057	;# 
   450   000FDA                     FSR2H           equ	4058	;# 
   451   000FDB                     PLUSW2          equ	4059	;# 
   452   000FDC                     PREINC2         equ	4060	;# 
   453   000FDD                     POSTDEC2        equ	4061	;# 
   454   000FDE                     POSTINC2        equ	4062	;# 
   455   000FDF                     INDF2           equ	4063	;# 
   456   000FE0                     BSR             equ	4064	;# 
   457   000FE1                     FSR1            equ	4065	;# 
   458   000FE1                     FSR1L           equ	4065	;# 
   459   000FE2                     FSR1H           equ	4066	;# 
   460   000FE3                     PLUSW1          equ	4067	;# 
   461   000FE4                     PREINC1         equ	4068	;# 
   462   000FE5                     POSTDEC1        equ	4069	;# 
   463   000FE6                     POSTINC1        equ	4070	;# 
   464   000FE7                     INDF1           equ	4071	;# 
   465   000FE8                     WREG            equ	4072	;# 
   466   000FE9                     FSR0            equ	4073	;# 
   467   000FE9                     FSR0L           equ	4073	;# 
   468   000FEA                     FSR0H           equ	4074	;# 
   469   000FEB                     PLUSW0          equ	4075	;# 
   470   000FEC                     PREINC0         equ	4076	;# 
   471   000FED                     POSTDEC0        equ	4077	;# 
   472   000FEE                     POSTINC0        equ	4078	;# 
   473   000FEF                     INDF0           equ	4079	;# 
   474   000FF0                     INTCON3         equ	4080	;# 
   475   000FF1                     INTCON2         equ	4081	;# 
   476   000FF2                     INTCON          equ	4082	;# 
   477   000FF3                     PROD            equ	4083	;# 
   478   000FF3                     PRODL           equ	4083	;# 
   479   000FF4                     PRODH           equ	4084	;# 
   480   000FF5                     TABLAT          equ	4085	;# 
   481   000FF6                     TBLPTR          equ	4086	;# 
   482   000FF6                     TBLPTRL         equ	4086	;# 
   483   000FF7                     TBLPTRH         equ	4087	;# 
   484   000FF8                     TBLPTRU         equ	4088	;# 
   485   000FF9                     PCLAT           equ	4089	;# 
   486   000FF9                     PC              equ	4089	;# 
   487   000FF9                     PCL             equ	4089	;# 
   488   000FFA                     PCLATH          equ	4090	;# 
   489   000FFB                     PCLATU          equ	4091	;# 
   490   000FFC                     STKPTR          equ	4092	;# 
   491   000FFD                     TOS             equ	4093	;# 
   492   000FFD                     TOSL            equ	4093	;# 
   493   000FFE                     TOSH            equ	4094	;# 
   494   000FFF                     TOSU            equ	4095	;# 
   495   000D60                     RXF6SIDH        equ	3424	;# 
   496   000D61                     RXF6SIDL        equ	3425	;# 
   497   000D62                     RXF6EIDH        equ	3426	;# 
   498   000D63                     RXF6EIDL        equ	3427	;# 
   499   000D64                     RXF7SIDH        equ	3428	;# 
   500   000D65                     RXF7SIDL        equ	3429	;# 
   501   000D66                     RXF7EIDH        equ	3430	;# 
   502   000D67                     RXF7EIDL        equ	3431	;# 
   503   000D68                     RXF8SIDH        equ	3432	;# 
   504   000D69                     RXF8SIDL        equ	3433	;# 
   505   000D6A                     RXF8EIDH        equ	3434	;# 
   506   000D6B                     RXF8EIDL        equ	3435	;# 
   507   000D70                     RXF9SIDH        equ	3440	;# 
   508   000D71                     RXF9SIDL        equ	3441	;# 
   509   000D72                     RXF9EIDH        equ	3442	;# 
   510   000D73                     RXF9EIDL        equ	3443	;# 
   511   000D74                     RXF10SIDH       equ	3444	;# 
   512   000D75                     RXF10SIDL       equ	3445	;# 
   513   000D76                     RXF10EIDH       equ	3446	;# 
   514   000D77                     RXF10EIDL       equ	3447	;# 
   515   000D78                     RXF11SIDH       equ	3448	;# 
   516   000D79                     RXF11SIDL       equ	3449	;# 
   517   000D7A                     RXF11EIDH       equ	3450	;# 
   518   000D7B                     RXF11EIDL       equ	3451	;# 
   519   000D80                     RXF12SIDH       equ	3456	;# 
   520   000D81                     RXF12SIDL       equ	3457	;# 
   521   000D82                     RXF12EIDH       equ	3458	;# 
   522   000D83                     RXF12EIDL       equ	3459	;# 
   523   000D84                     RXF13SIDH       equ	3460	;# 
   524   000D85                     RXF13SIDL       equ	3461	;# 
   525   000D86                     RXF13EIDH       equ	3462	;# 
   526   000D87                     RXF13EIDL       equ	3463	;# 
   527   000D88                     RXF14SIDH       equ	3464	;# 
   528   000D89                     RXF14SIDL       equ	3465	;# 
   529   000D8A                     RXF14EIDH       equ	3466	;# 
   530   000D8B                     RXF14EIDL       equ	3467	;# 
   531   000D90                     RXF15SIDH       equ	3472	;# 
   532   000D91                     RXF15SIDL       equ	3473	;# 
   533   000D92                     RXF15EIDH       equ	3474	;# 
   534   000D93                     RXF15EIDL       equ	3475	;# 
   535   000DD4                     RXFCON0         equ	3540	;# 
   536   000DD5                     RXFCON1         equ	3541	;# 
   537   000DD8                     SDFLC           equ	3544	;# 
   538   000DE0                     RXFBCON0        equ	3552	;# 
   539   000DE1                     RXFBCON1        equ	3553	;# 
   540   000DE2                     RXFBCON2        equ	3554	;# 
   541   000DE3                     RXFBCON3        equ	3555	;# 
   542   000DE4                     RXFBCON4        equ	3556	;# 
   543   000DE5                     RXFBCON5        equ	3557	;# 
   544   000DE6                     RXFBCON6        equ	3558	;# 
   545   000DE7                     RXFBCON7        equ	3559	;# 
   546   000DF0                     MSEL0           equ	3568	;# 
   547   000DF1                     MSEL1           equ	3569	;# 
   548   000DF2                     MSEL2           equ	3570	;# 
   549   000DF3                     MSEL3           equ	3571	;# 
   550   000DF8                     BSEL0           equ	3576	;# 
   551   000DFA                     BIE0            equ	3578	;# 
   552   000DFC                     TXBIE           equ	3580	;# 
   553   000E20                     B0CON           equ	3616	;# 
   554   000E21                     B0SIDH          equ	3617	;# 
   555   000E22                     B0SIDL          equ	3618	;# 
   556   000E23                     B0EIDH          equ	3619	;# 
   557   000E24                     B0EIDL          equ	3620	;# 
   558   000E25                     B0DLC           equ	3621	;# 
   559   000E26                     B0D0            equ	3622	;# 
   560   000E27                     B0D1            equ	3623	;# 
   561   000E28                     B0D2            equ	3624	;# 
   562   000E29                     B0D3            equ	3625	;# 
   563   000E2A                     B0D4            equ	3626	;# 
   564   000E2B                     B0D5            equ	3627	;# 
   565   000E2C                     B0D6            equ	3628	;# 
   566   000E2D                     B0D7            equ	3629	;# 
   567   000E2E                     CANSTAT_RO9     equ	3630	;# 
   568   000E2F                     CANCON_RO9      equ	3631	;# 
   569   000E30                     B1CON           equ	3632	;# 
   570   000E31                     B1SIDH          equ	3633	;# 
   571   000E32                     B1SIDL          equ	3634	;# 
   572   000E33                     B1EIDH          equ	3635	;# 
   573   000E34                     B1EIDL          equ	3636	;# 
   574   000E35                     B1DLC           equ	3637	;# 
   575   000E36                     B1D0            equ	3638	;# 
   576   000E37                     B1D1            equ	3639	;# 
   577   000E38                     B1D2            equ	3640	;# 
   578   000E39                     B1D3            equ	3641	;# 
   579   000E3A                     B1D4            equ	3642	;# 
   580   000E3B                     B1D5            equ	3643	;# 
   581   000E3C                     B1D6            equ	3644	;# 
   582   000E3D                     B1D7            equ	3645	;# 
   583   000E3E                     CANSTAT_RO8     equ	3646	;# 
   584   000E3F                     CANCON_RO8      equ	3647	;# 
   585   000E40                     B2CON           equ	3648	;# 
   586   000E41                     B2SIDH          equ	3649	;# 
   587   000E42                     B2SIDL          equ	3650	;# 
   588   000E43                     B2EIDH          equ	3651	;# 
   589   000E44                     B2EIDL          equ	3652	;# 
   590   000E45                     B2DLC           equ	3653	;# 
   591   000E46                     B2D0            equ	3654	;# 
   592   000E47                     B2D1            equ	3655	;# 
   593   000E48                     B2D2            equ	3656	;# 
   594   000E49                     B2D3            equ	3657	;# 
   595   000E4A                     B2D4            equ	3658	;# 
   596   000E4B                     B2D5            equ	3659	;# 
   597   000E4C                     B2D6            equ	3660	;# 
   598   000E4D                     B2D7            equ	3661	;# 
   599   000E4E                     CANSTAT_RO7     equ	3662	;# 
   600   000E4F                     CANCON_RO7      equ	3663	;# 
   601   000E50                     B3CON           equ	3664	;# 
   602   000E51                     B3SIDH          equ	3665	;# 
   603   000E52                     B3SIDL          equ	3666	;# 
   604   000E53                     B3EIDH          equ	3667	;# 
   605   000E54                     B3EIDL          equ	3668	;# 
   606   000E55                     B3DLC           equ	3669	;# 
   607   000E56                     B3D0            equ	3670	;# 
   608   000E57                     B3D1            equ	3671	;# 
   609   000E58                     B3D2            equ	3672	;# 
   610   000E59                     B3D3            equ	3673	;# 
   611   000E5A                     B3D4            equ	3674	;# 
   612   000E5B                     B3D5            equ	3675	;# 
   613   000E5C                     B3D6            equ	3676	;# 
   614   000E5D                     B3D7            equ	3677	;# 
   615   000E5E                     CANSTAT_RO6     equ	3678	;# 
   616   000E5F                     CANCON_RO6      equ	3679	;# 
   617   000E60                     B4CON           equ	3680	;# 
   618   000E61                     B4SIDH          equ	3681	;# 
   619   000E62                     B4SIDL          equ	3682	;# 
   620   000E63                     B4EIDH          equ	3683	;# 
   621   000E64                     B4EIDL          equ	3684	;# 
   622   000E65                     B4DLC           equ	3685	;# 
   623   000E66                     B4D0            equ	3686	;# 
   624   000E67                     B4D1            equ	3687	;# 
   625   000E68                     B4D2            equ	3688	;# 
   626   000E69                     B4D3            equ	3689	;# 
   627   000E6A                     B4D4            equ	3690	;# 
   628   000E6B                     B4D5            equ	3691	;# 
   629   000E6C                     B4D6            equ	3692	;# 
   630   000E6D                     B4D7            equ	3693	;# 
   631   000E6E                     CANSTAT_RO5     equ	3694	;# 
   632   000E6F                     CANCON_RO5      equ	3695	;# 
   633   000E70                     B5CON           equ	3696	;# 
   634   000E71                     B5SIDH          equ	3697	;# 
   635   000E72                     B5SIDL          equ	3698	;# 
   636   000E73                     B5EIDH          equ	3699	;# 
   637   000E74                     B5EIDL          equ	3700	;# 
   638   000E75                     B5DLC           equ	3701	;# 
   639   000E76                     B5D0            equ	3702	;# 
   640   000E77                     B5D1            equ	3703	;# 
   641   000E78                     B5D2            equ	3704	;# 
   642   000E79                     B5D3            equ	3705	;# 
   643   000E7A                     B5D4            equ	3706	;# 
   644   000E7B                     B5D5            equ	3707	;# 
   645   000E7C                     B5D6            equ	3708	;# 
   646   000E7D                     B5D7            equ	3709	;# 
   647   000E7E                     CANSTAT_RO4     equ	3710	;# 
   648   000E7F                     CANCON_RO4      equ	3711	;# 
   649   000F00                     RXF0SIDH        equ	3840	;# 
   650   000F01                     RXF0SIDL        equ	3841	;# 
   651   000F02                     RXF0EIDH        equ	3842	;# 
   652   000F03                     RXF0EIDL        equ	3843	;# 
   653   000F04                     RXF1SIDH        equ	3844	;# 
   654   000F05                     RXF1SIDL        equ	3845	;# 
   655   000F06                     RXF1EIDH        equ	3846	;# 
   656   000F07                     RXF1EIDL        equ	3847	;# 
   657   000F08                     RXF2SIDH        equ	3848	;# 
   658   000F09                     RXF2SIDL        equ	3849	;# 
   659   000F0A                     RXF2EIDH        equ	3850	;# 
   660   000F0B                     RXF2EIDL        equ	3851	;# 
   661   000F0C                     RXF3SIDH        equ	3852	;# 
   662   000F0D                     RXF3SIDL        equ	3853	;# 
   663   000F0E                     RXF3EIDH        equ	3854	;# 
   664   000F0F                     RXF3EIDL        equ	3855	;# 
   665   000F10                     RXF4SIDH        equ	3856	;# 
   666   000F11                     RXF4SIDL        equ	3857	;# 
   667   000F12                     RXF4EIDH        equ	3858	;# 
   668   000F13                     RXF4EIDL        equ	3859	;# 
   669   000F14                     RXF5SIDH        equ	3860	;# 
   670   000F15                     RXF5SIDL        equ	3861	;# 
   671   000F16                     RXF5EIDH        equ	3862	;# 
   672   000F17                     RXF5EIDL        equ	3863	;# 
   673   000F18                     RXM0SIDH        equ	3864	;# 
   674   000F19                     RXM0SIDL        equ	3865	;# 
   675   000F1A                     RXM0EIDH        equ	3866	;# 
   676   000F1B                     RXM0EIDL        equ	3867	;# 
   677   000F1C                     RXM1SIDH        equ	3868	;# 
   678   000F1D                     RXM1SIDL        equ	3869	;# 
   679   000F1E                     RXM1EIDH        equ	3870	;# 
   680   000F1F                     RXM1EIDL        equ	3871	;# 
   681   000F20                     TXB2CON         equ	3872	;# 
   682   000F21                     TXB2SIDH        equ	3873	;# 
   683   000F22                     TXB2SIDL        equ	3874	;# 
   684   000F23                     TXB2EIDH        equ	3875	;# 
   685   000F24                     TXB2EIDL        equ	3876	;# 
   686   000F25                     TXB2DLC         equ	3877	;# 
   687   000F26                     TXB2D0          equ	3878	;# 
   688   000F27                     TXB2D1          equ	3879	;# 
   689   000F28                     TXB2D2          equ	3880	;# 
   690   000F29                     TXB2D3          equ	3881	;# 
   691   000F2A                     TXB2D4          equ	3882	;# 
   692   000F2B                     TXB2D5          equ	3883	;# 
   693   000F2C                     TXB2D6          equ	3884	;# 
   694   000F2D                     TXB2D7          equ	3885	;# 
   695   000F2E                     CANSTAT_RO3     equ	3886	;# 
   696   000F2F                     CANCON_RO3      equ	3887	;# 
   697   000F30                     TXB1CON         equ	3888	;# 
   698   000F31                     TXB1SIDH        equ	3889	;# 
   699   000F32                     TXB1SIDL        equ	3890	;# 
   700   000F33                     TXB1EIDH        equ	3891	;# 
   701   000F34                     TXB1EIDL        equ	3892	;# 
   702   000F35                     TXB1DLC         equ	3893	;# 
   703   000F36                     TXB1D0          equ	3894	;# 
   704   000F37                     TXB1D1          equ	3895	;# 
   705   000F38                     TXB1D2          equ	3896	;# 
   706   000F39                     TXB1D3          equ	3897	;# 
   707   000F3A                     TXB1D4          equ	3898	;# 
   708   000F3B                     TXB1D5          equ	3899	;# 
   709   000F3C                     TXB1D6          equ	3900	;# 
   710   000F3D                     TXB1D7          equ	3901	;# 
   711   000F3E                     CANSTAT_RO2     equ	3902	;# 
   712   000F3F                     CANCON_RO2      equ	3903	;# 
   713   000F40                     TXB0CON         equ	3904	;# 
   714   000F41                     TXB0SIDH        equ	3905	;# 
   715   000F42                     TXB0SIDL        equ	3906	;# 
   716   000F43                     TXB0EIDH        equ	3907	;# 
   717   000F44                     TXB0EIDL        equ	3908	;# 
   718   000F45                     TXB0DLC         equ	3909	;# 
   719   000F46                     TXB0D0          equ	3910	;# 
   720   000F47                     TXB0D1          equ	3911	;# 
   721   000F48                     TXB0D2          equ	3912	;# 
   722   000F49                     TXB0D3          equ	3913	;# 
   723   000F4A                     TXB0D4          equ	3914	;# 
   724   000F4B                     TXB0D5          equ	3915	;# 
   725   000F4C                     TXB0D6          equ	3916	;# 
   726   000F4D                     TXB0D7          equ	3917	;# 
   727   000F4E                     CANSTAT_RO1     equ	3918	;# 
   728   000F4F                     CANCON_RO1      equ	3919	;# 
   729   000F50                     RXB1CON         equ	3920	;# 
   730   000F51                     RXB1SIDH        equ	3921	;# 
   731   000F52                     RXB1SIDL        equ	3922	;# 
   732   000F53                     RXB1EIDH        equ	3923	;# 
   733   000F54                     RXB1EIDL        equ	3924	;# 
   734   000F55                     RXB1DLC         equ	3925	;# 
   735   000F56                     RXB1D0          equ	3926	;# 
   736   000F57                     RXB1D1          equ	3927	;# 
   737   000F58                     RXB1D2          equ	3928	;# 
   738   000F59                     RXB1D3          equ	3929	;# 
   739   000F5A                     RXB1D4          equ	3930	;# 
   740   000F5B                     RXB1D5          equ	3931	;# 
   741   000F5C                     RXB1D6          equ	3932	;# 
   742   000F5D                     RXB1D7          equ	3933	;# 
   743   000F5E                     CANSTAT_RO0     equ	3934	;# 
   744   000F5F                     CANCON_RO0      equ	3935	;# 
   745   000F60                     RXB0CON         equ	3936	;# 
   746   000F61                     RXB0SIDH        equ	3937	;# 
   747   000F62                     RXB0SIDL        equ	3938	;# 
   748   000F63                     RXB0EIDH        equ	3939	;# 
   749   000F64                     RXB0EIDL        equ	3940	;# 
   750   000F65                     RXB0DLC         equ	3941	;# 
   751   000F66                     RXB0D0          equ	3942	;# 
   752   000F67                     RXB0D1          equ	3943	;# 
   753   000F68                     RXB0D2          equ	3944	;# 
   754   000F69                     RXB0D3          equ	3945	;# 
   755   000F6A                     RXB0D4          equ	3946	;# 
   756   000F6B                     RXB0D5          equ	3947	;# 
   757   000F6C                     RXB0D6          equ	3948	;# 
   758   000F6D                     RXB0D7          equ	3949	;# 
   759   000F6E                     CANSTAT         equ	3950	;# 
   760   000F6F                     CANCON          equ	3951	;# 
   761   000F70                     BRGCON1         equ	3952	;# 
   762   000F71                     BRGCON2         equ	3953	;# 
   763   000F72                     BRGCON3         equ	3954	;# 
   764   000F73                     CIOCON          equ	3955	;# 
   765   000F74                     COMSTAT         equ	3956	;# 
   766   000F75                     RXERRCNT        equ	3957	;# 
   767   000F76                     TXERRCNT        equ	3958	;# 
   768   000F77                     ECANCON         equ	3959	;# 
   769   000F80                     PORTA           equ	3968	;# 
   770   000F81                     PORTB           equ	3969	;# 
   771   000F82                     PORTC           equ	3970	;# 
   772   000F83                     PORTD           equ	3971	;# 
   773   000F84                     PORTE           equ	3972	;# 
   774   000F89                     LATA            equ	3977	;# 
   775   000F8A                     LATB            equ	3978	;# 
   776   000F8B                     LATC            equ	3979	;# 
   777   000F8C                     LATD            equ	3980	;# 
   778   000F8D                     LATE            equ	3981	;# 
   779   000F92                     TRISA           equ	3986	;# 
   780   000F92                     DDRA            equ	3986	;# 
   781   000F93                     TRISB           equ	3987	;# 
   782   000F93                     DDRB            equ	3987	;# 
   783   000F94                     TRISC           equ	3988	;# 
   784   000F94                     DDRC            equ	3988	;# 
   785   000F95                     TRISD           equ	3989	;# 
   786   000F95                     DDRD            equ	3989	;# 
   787   000F96                     TRISE           equ	3990	;# 
   788   000F96                     DDRE            equ	3990	;# 
   789   000F9B                     OSCTUNE         equ	3995	;# 
   790   000F9D                     PIE1            equ	3997	;# 
   791   000F9E                     PIR1            equ	3998	;# 
   792   000F9F                     IPR1            equ	3999	;# 
   793   000FA0                     PIE2            equ	4000	;# 
   794   000FA1                     PIR2            equ	4001	;# 
   795   000FA2                     IPR2            equ	4002	;# 
   796   000FA3                     PIE3            equ	4003	;# 
   797   000FA4                     PIR3            equ	4004	;# 
   798   000FA5                     IPR3            equ	4005	;# 
   799   000FA6                     EECON1          equ	4006	;# 
   800   000FA7                     EECON2          equ	4007	;# 
   801   000FA8                     EEDATA          equ	4008	;# 
   802   000FA9                     EEADR           equ	4009	;# 
   803   000FAB                     RCSTA           equ	4011	;# 
   804   000FAB                     RCSTA1          equ	4011	;# 
   805   000FAC                     TXSTA           equ	4012	;# 
   806   000FAC                     TXSTA1          equ	4012	;# 
   807   000FAD                     TXREG           equ	4013	;# 
   808   000FAD                     TXREG1          equ	4013	;# 
   809   000FAE                     RCREG           equ	4014	;# 
   810   000FAE                     RCREG1          equ	4014	;# 
   811   000FAF                     SPBRG           equ	4015	;# 
   812   000FAF                     SPBRG1          equ	4015	;# 
   813   000FB0                     SPBRGH          equ	4016	;# 
   814   000FB1                     T3CON           equ	4017	;# 
   815   000FB2                     TMR3            equ	4018	;# 
   816   000FB2                     TMR3L           equ	4018	;# 
   817   000FB3                     TMR3H           equ	4019	;# 
   818   000FB4                     CMCON           equ	4020	;# 
   819   000FB5                     CVRCON          equ	4021	;# 
   820   000FB6                     ECCP1AS         equ	4022	;# 
   821   000FB7                     ECCP1DEL        equ	4023	;# 
   822   000FB8                     BAUDCON         equ	4024	;# 
   823   000FB8                     BAUDCTL         equ	4024	;# 
   824   000FBA                     ECCP1CON        equ	4026	;# 
   825   000FBB                     ECCPR1          equ	4027	;# 
   826   000FBB                     ECCPR1L         equ	4027	;# 
   827   000FBC                     ECCPR1H         equ	4028	;# 
   828   000FBD                     CCP1CON         equ	4029	;# 
   829   000FBE                     CCPR1           equ	4030	;# 
   830   000FBE                     CCPR1L          equ	4030	;# 
   831   000FBF                     CCPR1H          equ	4031	;# 
   832   000FC0                     ADCON2          equ	4032	;# 
   833   000FC1                     ADCON1          equ	4033	;# 
   834   000FC2                     ADCON0          equ	4034	;# 
   835   000FC3                     ADRES           equ	4035	;# 
   836   000FC3                     ADRESL          equ	4035	;# 
   837   000FC4                     ADRESH          equ	4036	;# 
   838   000FC5                     SSPCON2         equ	4037	;# 
   839   000FC6                     SSPCON1         equ	4038	;# 
   840   000FC7                     SSPSTAT         equ	4039	;# 
   841   000FC8                     SSPADD          equ	4040	;# 
   842   000FC9                     SSPBUF          equ	4041	;# 
   843   000FCA                     T2CON           equ	4042	;# 
   844   000FCB                     PR2             equ	4043	;# 
   845   000FCB                     MEMCON          equ	4043	;# 
   846   000FCC                     TMR2            equ	4044	;# 
   847   000FCD                     T1CON           equ	4045	;# 
   848   000FCE                     TMR1            equ	4046	;# 
   849   000FCE                     TMR1L           equ	4046	;# 
   850   000FCF                     TMR1H           equ	4047	;# 
   851   000FD0                     RCON            equ	4048	;# 
   852   000FD1                     WDTCON          equ	4049	;# 
   853   000FD2                     HLVDCON         equ	4050	;# 
   854   000FD2                     LVDCON          equ	4050	;# 
   855   000FD3                     OSCCON          equ	4051	;# 
   856   000FD5                     T0CON           equ	4053	;# 
   857   000FD6                     TMR0            equ	4054	;# 
   858   000FD6                     TMR0L           equ	4054	;# 
   859   000FD7                     TMR0H           equ	4055	;# 
   860   000FD8                     STATUS          equ	4056	;# 
   861   000FD9                     FSR2            equ	4057	;# 
   862   000FD9                     FSR2L           equ	4057	;# 
   863   000FDA                     FSR2H           equ	4058	;# 
   864   000FDB                     PLUSW2          equ	4059	;# 
   865   000FDC                     PREINC2         equ	4060	;# 
   866   000FDD                     POSTDEC2        equ	4061	;# 
   867   000FDE                     POSTINC2        equ	4062	;# 
   868   000FDF                     INDF2           equ	4063	;# 
   869   000FE0                     BSR             equ	4064	;# 
   870   000FE1                     FSR1            equ	4065	;# 
   871   000FE1                     FSR1L           equ	4065	;# 
   872   000FE2                     FSR1H           equ	4066	;# 
   873   000FE3                     PLUSW1          equ	4067	;# 
   874   000FE4                     PREINC1         equ	4068	;# 
   875   000FE5                     POSTDEC1        equ	4069	;# 
   876   000FE6                     POSTINC1        equ	4070	;# 
   877   000FE7                     INDF1           equ	4071	;# 
   878   000FE8                     WREG            equ	4072	;# 
   879   000FE9                     FSR0            equ	4073	;# 
   880   000FE9                     FSR0L           equ	4073	;# 
   881   000FEA                     FSR0H           equ	4074	;# 
   882   000FEB                     PLUSW0          equ	4075	;# 
   883   000FEC                     PREINC0         equ	4076	;# 
   884   000FED                     POSTDEC0        equ	4077	;# 
   885   000FEE                     POSTINC0        equ	4078	;# 
   886   000FEF                     INDF0           equ	4079	;# 
   887   000FF0                     INTCON3         equ	4080	;# 
   888   000FF1                     INTCON2         equ	4081	;# 
   889   000FF2                     INTCON          equ	4082	;# 
   890   000FF3                     PROD            equ	4083	;# 
   891   000FF3                     PRODL           equ	4083	;# 
   892   000FF4                     PRODH           equ	4084	;# 
   893   000FF5                     TABLAT          equ	4085	;# 
   894   000FF6                     TBLPTR          equ	4086	;# 
   895   000FF6                     TBLPTRL         equ	4086	;# 
   896   000FF7                     TBLPTRH         equ	4087	;# 
   897   000FF8                     TBLPTRU         equ	4088	;# 
   898   000FF9                     PCLAT           equ	4089	;# 
   899   000FF9                     PC              equ	4089	;# 
   900   000FF9                     PCL             equ	4089	;# 
   901   000FFA                     PCLATH          equ	4090	;# 
   902   000FFB                     PCLATU          equ	4091	;# 
   903   000FFC                     STKPTR          equ	4092	;# 
   904   000FFD                     TOS             equ	4093	;# 
   905   000FFD                     TOSL            equ	4093	;# 
   906   000FFE                     TOSH            equ	4094	;# 
   907   000FFF                     TOSU            equ	4095	;# 
   908   000D60                     RXF6SIDH        equ	3424	;# 
   909   000D61                     RXF6SIDL        equ	3425	;# 
   910   000D62                     RXF6EIDH        equ	3426	;# 
   911   000D63                     RXF6EIDL        equ	3427	;# 
   912   000D64                     RXF7SIDH        equ	3428	;# 
   913   000D65                     RXF7SIDL        equ	3429	;# 
   914   000D66                     RXF7EIDH        equ	3430	;# 
   915   000D67                     RXF7EIDL        equ	3431	;# 
   916   000D68                     RXF8SIDH        equ	3432	;# 
   917   000D69                     RXF8SIDL        equ	3433	;# 
   918   000D6A                     RXF8EIDH        equ	3434	;# 
   919   000D6B                     RXF8EIDL        equ	3435	;# 
   920   000D70                     RXF9SIDH        equ	3440	;# 
   921   000D71                     RXF9SIDL        equ	3441	;# 
   922   000D72                     RXF9EIDH        equ	3442	;# 
   923   000D73                     RXF9EIDL        equ	3443	;# 
   924   000D74                     RXF10SIDH       equ	3444	;# 
   925   000D75                     RXF10SIDL       equ	3445	;# 
   926   000D76                     RXF10EIDH       equ	3446	;# 
   927   000D77                     RXF10EIDL       equ	3447	;# 
   928   000D78                     RXF11SIDH       equ	3448	;# 
   929   000D79                     RXF11SIDL       equ	3449	;# 
   930   000D7A                     RXF11EIDH       equ	3450	;# 
   931   000D7B                     RXF11EIDL       equ	3451	;# 
   932   000D80                     RXF12SIDH       equ	3456	;# 
   933   000D81                     RXF12SIDL       equ	3457	;# 
   934   000D82                     RXF12EIDH       equ	3458	;# 
   935   000D83                     RXF12EIDL       equ	3459	;# 
   936   000D84                     RXF13SIDH       equ	3460	;# 
   937   000D85                     RXF13SIDL       equ	3461	;# 
   938   000D86                     RXF13EIDH       equ	3462	;# 
   939   000D87                     RXF13EIDL       equ	3463	;# 
   940   000D88                     RXF14SIDH       equ	3464	;# 
   941   000D89                     RXF14SIDL       equ	3465	;# 
   942   000D8A                     RXF14EIDH       equ	3466	;# 
   943   000D8B                     RXF14EIDL       equ	3467	;# 
   944   000D90                     RXF15SIDH       equ	3472	;# 
   945   000D91                     RXF15SIDL       equ	3473	;# 
   946   000D92                     RXF15EIDH       equ	3474	;# 
   947   000D93                     RXF15EIDL       equ	3475	;# 
   948   000DD4                     RXFCON0         equ	3540	;# 
   949   000DD5                     RXFCON1         equ	3541	;# 
   950   000DD8                     SDFLC           equ	3544	;# 
   951   000DE0                     RXFBCON0        equ	3552	;# 
   952   000DE1                     RXFBCON1        equ	3553	;# 
   953   000DE2                     RXFBCON2        equ	3554	;# 
   954   000DE3                     RXFBCON3        equ	3555	;# 
   955   000DE4                     RXFBCON4        equ	3556	;# 
   956   000DE5                     RXFBCON5        equ	3557	;# 
   957   000DE6                     RXFBCON6        equ	3558	;# 
   958   000DE7                     RXFBCON7        equ	3559	;# 
   959   000DF0                     MSEL0           equ	3568	;# 
   960   000DF1                     MSEL1           equ	3569	;# 
   961   000DF2                     MSEL2           equ	3570	;# 
   962   000DF3                     MSEL3           equ	3571	;# 
   963   000DF8                     BSEL0           equ	3576	;# 
   964   000DFA                     BIE0            equ	3578	;# 
   965   000DFC                     TXBIE           equ	3580	;# 
   966   000E20                     B0CON           equ	3616	;# 
   967   000E21                     B0SIDH          equ	3617	;# 
   968   000E22                     B0SIDL          equ	3618	;# 
   969   000E23                     B0EIDH          equ	3619	;# 
   970   000E24                     B0EIDL          equ	3620	;# 
   971   000E25                     B0DLC           equ	3621	;# 
   972   000E26                     B0D0            equ	3622	;# 
   973   000E27                     B0D1            equ	3623	;# 
   974   000E28                     B0D2            equ	3624	;# 
   975   000E29                     B0D3            equ	3625	;# 
   976   000E2A                     B0D4            equ	3626	;# 
   977   000E2B                     B0D5            equ	3627	;# 
   978   000E2C                     B0D6            equ	3628	;# 
   979   000E2D                     B0D7            equ	3629	;# 
   980   000E2E                     CANSTAT_RO9     equ	3630	;# 
   981   000E2F                     CANCON_RO9      equ	3631	;# 
   982   000E30                     B1CON           equ	3632	;# 
   983   000E31                     B1SIDH          equ	3633	;# 
   984   000E32                     B1SIDL          equ	3634	;# 
   985   000E33                     B1EIDH          equ	3635	;# 
   986   000E34                     B1EIDL          equ	3636	;# 
   987   000E35                     B1DLC           equ	3637	;# 
   988   000E36                     B1D0            equ	3638	;# 
   989   000E37                     B1D1            equ	3639	;# 
   990   000E38                     B1D2            equ	3640	;# 
   991   000E39                     B1D3            equ	3641	;# 
   992   000E3A                     B1D4            equ	3642	;# 
   993   000E3B                     B1D5            equ	3643	;# 
   994   000E3C                     B1D6            equ	3644	;# 
   995   000E3D                     B1D7            equ	3645	;# 
   996   000E3E                     CANSTAT_RO8     equ	3646	;# 
   997   000E3F                     CANCON_RO8      equ	3647	;# 
   998   000E40                     B2CON           equ	3648	;# 
   999   000E41                     B2SIDH          equ	3649	;# 
  1000   000E42                     B2SIDL          equ	3650	;# 
  1001   000E43                     B2EIDH          equ	3651	;# 
  1002   000E44                     B2EIDL          equ	3652	;# 
  1003   000E45                     B2DLC           equ	3653	;# 
  1004   000E46                     B2D0            equ	3654	;# 
  1005   000E47                     B2D1            equ	3655	;# 
  1006   000E48                     B2D2            equ	3656	;# 
  1007   000E49                     B2D3            equ	3657	;# 
  1008   000E4A                     B2D4            equ	3658	;# 
  1009   000E4B                     B2D5            equ	3659	;# 
  1010   000E4C                     B2D6            equ	3660	;# 
  1011   000E4D                     B2D7            equ	3661	;# 
  1012   000E4E                     CANSTAT_RO7     equ	3662	;# 
  1013   000E4F                     CANCON_RO7      equ	3663	;# 
  1014   000E50                     B3CON           equ	3664	;# 
  1015   000E51                     B3SIDH          equ	3665	;# 
  1016   000E52                     B3SIDL          equ	3666	;# 
  1017   000E53                     B3EIDH          equ	3667	;# 
  1018   000E54                     B3EIDL          equ	3668	;# 
  1019   000E55                     B3DLC           equ	3669	;# 
  1020   000E56                     B3D0            equ	3670	;# 
  1021   000E57                     B3D1            equ	3671	;# 
  1022   000E58                     B3D2            equ	3672	;# 
  1023   000E59                     B3D3            equ	3673	;# 
  1024   000E5A                     B3D4            equ	3674	;# 
  1025   000E5B                     B3D5            equ	3675	;# 
  1026   000E5C                     B3D6            equ	3676	;# 
  1027   000E5D                     B3D7            equ	3677	;# 
  1028   000E5E                     CANSTAT_RO6     equ	3678	;# 
  1029   000E5F                     CANCON_RO6      equ	3679	;# 
  1030   000E60                     B4CON           equ	3680	;# 
  1031   000E61                     B4SIDH          equ	3681	;# 
  1032   000E62                     B4SIDL          equ	3682	;# 
  1033   000E63                     B4EIDH          equ	3683	;# 
  1034   000E64                     B4EIDL          equ	3684	;# 
  1035   000E65                     B4DLC           equ	3685	;# 
  1036   000E66                     B4D0            equ	3686	;# 
  1037   000E67                     B4D1            equ	3687	;# 
  1038   000E68                     B4D2            equ	3688	;# 
  1039   000E69                     B4D3            equ	3689	;# 
  1040   000E6A                     B4D4            equ	3690	;# 
  1041   000E6B                     B4D5            equ	3691	;# 
  1042   000E6C                     B4D6            equ	3692	;# 
  1043   000E6D                     B4D7            equ	3693	;# 
  1044   000E6E                     CANSTAT_RO5     equ	3694	;# 
  1045   000E6F                     CANCON_RO5      equ	3695	;# 
  1046   000E70                     B5CON           equ	3696	;# 
  1047   000E71                     B5SIDH          equ	3697	;# 
  1048   000E72                     B5SIDL          equ	3698	;# 
  1049   000E73                     B5EIDH          equ	3699	;# 
  1050   000E74                     B5EIDL          equ	3700	;# 
  1051   000E75                     B5DLC           equ	3701	;# 
  1052   000E76                     B5D0            equ	3702	;# 
  1053   000E77                     B5D1            equ	3703	;# 
  1054   000E78                     B5D2            equ	3704	;# 
  1055   000E79                     B5D3            equ	3705	;# 
  1056   000E7A                     B5D4            equ	3706	;# 
  1057   000E7B                     B5D5            equ	3707	;# 
  1058   000E7C                     B5D6            equ	3708	;# 
  1059   000E7D                     B5D7            equ	3709	;# 
  1060   000E7E                     CANSTAT_RO4     equ	3710	;# 
  1061   000E7F                     CANCON_RO4      equ	3711	;# 
  1062   000F00                     RXF0SIDH        equ	3840	;# 
  1063   000F01                     RXF0SIDL        equ	3841	;# 
  1064   000F02                     RXF0EIDH        equ	3842	;# 
  1065   000F03                     RXF0EIDL        equ	3843	;# 
  1066   000F04                     RXF1SIDH        equ	3844	;# 
  1067   000F05                     RXF1SIDL        equ	3845	;# 
  1068   000F06                     RXF1EIDH        equ	3846	;# 
  1069   000F07                     RXF1EIDL        equ	3847	;# 
  1070   000F08                     RXF2SIDH        equ	3848	;# 
  1071   000F09                     RXF2SIDL        equ	3849	;# 
  1072   000F0A                     RXF2EIDH        equ	3850	;# 
  1073   000F0B                     RXF2EIDL        equ	3851	;# 
  1074   000F0C                     RXF3SIDH        equ	3852	;# 
  1075   000F0D                     RXF3SIDL        equ	3853	;# 
  1076   000F0E                     RXF3EIDH        equ	3854	;# 
  1077   000F0F                     RXF3EIDL        equ	3855	;# 
  1078   000F10                     RXF4SIDH        equ	3856	;# 
  1079   000F11                     RXF4SIDL        equ	3857	;# 
  1080   000F12                     RXF4EIDH        equ	3858	;# 
  1081   000F13                     RXF4EIDL        equ	3859	;# 
  1082   000F14                     RXF5SIDH        equ	3860	;# 
  1083   000F15                     RXF5SIDL        equ	3861	;# 
  1084   000F16                     RXF5EIDH        equ	3862	;# 
  1085   000F17                     RXF5EIDL        equ	3863	;# 
  1086   000F18                     RXM0SIDH        equ	3864	;# 
  1087   000F19                     RXM0SIDL        equ	3865	;# 
  1088   000F1A                     RXM0EIDH        equ	3866	;# 
  1089   000F1B                     RXM0EIDL        equ	3867	;# 
  1090   000F1C                     RXM1SIDH        equ	3868	;# 
  1091   000F1D                     RXM1SIDL        equ	3869	;# 
  1092   000F1E                     RXM1EIDH        equ	3870	;# 
  1093   000F1F                     RXM1EIDL        equ	3871	;# 
  1094   000F20                     TXB2CON         equ	3872	;# 
  1095   000F21                     TXB2SIDH        equ	3873	;# 
  1096   000F22                     TXB2SIDL        equ	3874	;# 
  1097   000F23                     TXB2EIDH        equ	3875	;# 
  1098   000F24                     TXB2EIDL        equ	3876	;# 
  1099   000F25                     TXB2DLC         equ	3877	;# 
  1100   000F26                     TXB2D0          equ	3878	;# 
  1101   000F27                     TXB2D1          equ	3879	;# 
  1102   000F28                     TXB2D2          equ	3880	;# 
  1103   000F29                     TXB2D3          equ	3881	;# 
  1104   000F2A                     TXB2D4          equ	3882	;# 
  1105   000F2B                     TXB2D5          equ	3883	;# 
  1106   000F2C                     TXB2D6          equ	3884	;# 
  1107   000F2D                     TXB2D7          equ	3885	;# 
  1108   000F2E                     CANSTAT_RO3     equ	3886	;# 
  1109   000F2F                     CANCON_RO3      equ	3887	;# 
  1110   000F30                     TXB1CON         equ	3888	;# 
  1111   000F31                     TXB1SIDH        equ	3889	;# 
  1112   000F32                     TXB1SIDL        equ	3890	;# 
  1113   000F33                     TXB1EIDH        equ	3891	;# 
  1114   000F34                     TXB1EIDL        equ	3892	;# 
  1115   000F35                     TXB1DLC         equ	3893	;# 
  1116   000F36                     TXB1D0          equ	3894	;# 
  1117   000F37                     TXB1D1          equ	3895	;# 
  1118   000F38                     TXB1D2          equ	3896	;# 
  1119   000F39                     TXB1D3          equ	3897	;# 
  1120   000F3A                     TXB1D4          equ	3898	;# 
  1121   000F3B                     TXB1D5          equ	3899	;# 
  1122   000F3C                     TXB1D6          equ	3900	;# 
  1123   000F3D                     TXB1D7          equ	3901	;# 
  1124   000F3E                     CANSTAT_RO2     equ	3902	;# 
  1125   000F3F                     CANCON_RO2      equ	3903	;# 
  1126   000F40                     TXB0CON         equ	3904	;# 
  1127   000F41                     TXB0SIDH        equ	3905	;# 
  1128   000F42                     TXB0SIDL        equ	3906	;# 
  1129   000F43                     TXB0EIDH        equ	3907	;# 
  1130   000F44                     TXB0EIDL        equ	3908	;# 
  1131   000F45                     TXB0DLC         equ	3909	;# 
  1132   000F46                     TXB0D0          equ	3910	;# 
  1133   000F47                     TXB0D1          equ	3911	;# 
  1134   000F48                     TXB0D2          equ	3912	;# 
  1135   000F49                     TXB0D3          equ	3913	;# 
  1136   000F4A                     TXB0D4          equ	3914	;# 
  1137   000F4B                     TXB0D5          equ	3915	;# 
  1138   000F4C                     TXB0D6          equ	3916	;# 
  1139   000F4D                     TXB0D7          equ	3917	;# 
  1140   000F4E                     CANSTAT_RO1     equ	3918	;# 
  1141   000F4F                     CANCON_RO1      equ	3919	;# 
  1142   000F50                     RXB1CON         equ	3920	;# 
  1143   000F51                     RXB1SIDH        equ	3921	;# 
  1144   000F52                     RXB1SIDL        equ	3922	;# 
  1145   000F53                     RXB1EIDH        equ	3923	;# 
  1146   000F54                     RXB1EIDL        equ	3924	;# 
  1147   000F55                     RXB1DLC         equ	3925	;# 
  1148   000F56                     RXB1D0          equ	3926	;# 
  1149   000F57                     RXB1D1          equ	3927	;# 
  1150   000F58                     RXB1D2          equ	3928	;# 
  1151   000F59                     RXB1D3          equ	3929	;# 
  1152   000F5A                     RXB1D4          equ	3930	;# 
  1153   000F5B                     RXB1D5          equ	3931	;# 
  1154   000F5C                     RXB1D6          equ	3932	;# 
  1155   000F5D                     RXB1D7          equ	3933	;# 
  1156   000F5E                     CANSTAT_RO0     equ	3934	;# 
  1157   000F5F                     CANCON_RO0      equ	3935	;# 
  1158   000F60                     RXB0CON         equ	3936	;# 
  1159   000F61                     RXB0SIDH        equ	3937	;# 
  1160   000F62                     RXB0SIDL        equ	3938	;# 
  1161   000F63                     RXB0EIDH        equ	3939	;# 
  1162   000F64                     RXB0EIDL        equ	3940	;# 
  1163   000F65                     RXB0DLC         equ	3941	;# 
  1164   000F66                     RXB0D0          equ	3942	;# 
  1165   000F67                     RXB0D1          equ	3943	;# 
  1166   000F68                     RXB0D2          equ	3944	;# 
  1167   000F69                     RXB0D3          equ	3945	;# 
  1168   000F6A                     RXB0D4          equ	3946	;# 
  1169   000F6B                     RXB0D5          equ	3947	;# 
  1170   000F6C                     RXB0D6          equ	3948	;# 
  1171   000F6D                     RXB0D7          equ	3949	;# 
  1172   000F6E                     CANSTAT         equ	3950	;# 
  1173   000F6F                     CANCON          equ	3951	;# 
  1174   000F70                     BRGCON1         equ	3952	;# 
  1175   000F71                     BRGCON2         equ	3953	;# 
  1176   000F72                     BRGCON3         equ	3954	;# 
  1177   000F73                     CIOCON          equ	3955	;# 
  1178   000F74                     COMSTAT         equ	3956	;# 
  1179   000F75                     RXERRCNT        equ	3957	;# 
  1180   000F76                     TXERRCNT        equ	3958	;# 
  1181   000F77                     ECANCON         equ	3959	;# 
  1182   000F80                     PORTA           equ	3968	;# 
  1183   000F81                     PORTB           equ	3969	;# 
  1184   000F82                     PORTC           equ	3970	;# 
  1185   000F83                     PORTD           equ	3971	;# 
  1186   000F84                     PORTE           equ	3972	;# 
  1187   000F89                     LATA            equ	3977	;# 
  1188   000F8A                     LATB            equ	3978	;# 
  1189   000F8B                     LATC            equ	3979	;# 
  1190   000F8C                     LATD            equ	3980	;# 
  1191   000F8D                     LATE            equ	3981	;# 
  1192   000F92                     TRISA           equ	3986	;# 
  1193   000F92                     DDRA            equ	3986	;# 
  1194   000F93                     TRISB           equ	3987	;# 
  1195   000F93                     DDRB            equ	3987	;# 
  1196   000F94                     TRISC           equ	3988	;# 
  1197   000F94                     DDRC            equ	3988	;# 
  1198   000F95                     TRISD           equ	3989	;# 
  1199   000F95                     DDRD            equ	3989	;# 
  1200   000F96                     TRISE           equ	3990	;# 
  1201   000F96                     DDRE            equ	3990	;# 
  1202   000F9B                     OSCTUNE         equ	3995	;# 
  1203   000F9D                     PIE1            equ	3997	;# 
  1204   000F9E                     PIR1            equ	3998	;# 
  1205   000F9F                     IPR1            equ	3999	;# 
  1206   000FA0                     PIE2            equ	4000	;# 
  1207   000FA1                     PIR2            equ	4001	;# 
  1208   000FA2                     IPR2            equ	4002	;# 
  1209   000FA3                     PIE3            equ	4003	;# 
  1210   000FA4                     PIR3            equ	4004	;# 
  1211   000FA5                     IPR3            equ	4005	;# 
  1212   000FA6                     EECON1          equ	4006	;# 
  1213   000FA7                     EECON2          equ	4007	;# 
  1214   000FA8                     EEDATA          equ	4008	;# 
  1215   000FA9                     EEADR           equ	4009	;# 
  1216   000FAB                     RCSTA           equ	4011	;# 
  1217   000FAB                     RCSTA1          equ	4011	;# 
  1218   000FAC                     TXSTA           equ	4012	;# 
  1219   000FAC                     TXSTA1          equ	4012	;# 
  1220   000FAD                     TXREG           equ	4013	;# 
  1221   000FAD                     TXREG1          equ	4013	;# 
  1222   000FAE                     RCREG           equ	4014	;# 
  1223   000FAE                     RCREG1          equ	4014	;# 
  1224   000FAF                     SPBRG           equ	4015	;# 
  1225   000FAF                     SPBRG1          equ	4015	;# 
  1226   000FB0                     SPBRGH          equ	4016	;# 
  1227   000FB1                     T3CON           equ	4017	;# 
  1228   000FB2                     TMR3            equ	4018	;# 
  1229   000FB2                     TMR3L           equ	4018	;# 
  1230   000FB3                     TMR3H           equ	4019	;# 
  1231   000FB4                     CMCON           equ	4020	;# 
  1232   000FB5                     CVRCON          equ	4021	;# 
  1233   000FB6                     ECCP1AS         equ	4022	;# 
  1234   000FB7                     ECCP1DEL        equ	4023	;# 
  1235   000FB8                     BAUDCON         equ	4024	;# 
  1236   000FB8                     BAUDCTL         equ	4024	;# 
  1237   000FBA                     ECCP1CON        equ	4026	;# 
  1238   000FBB                     ECCPR1          equ	4027	;# 
  1239   000FBB                     ECCPR1L         equ	4027	;# 
  1240   000FBC                     ECCPR1H         equ	4028	;# 
  1241   000FBD                     CCP1CON         equ	4029	;# 
  1242   000FBE                     CCPR1           equ	4030	;# 
  1243   000FBE                     CCPR1L          equ	4030	;# 
  1244   000FBF                     CCPR1H          equ	4031	;# 
  1245   000FC0                     ADCON2          equ	4032	;# 
  1246   000FC1                     ADCON1          equ	4033	;# 
  1247   000FC2                     ADCON0          equ	4034	;# 
  1248   000FC3                     ADRES           equ	4035	;# 
  1249   000FC3                     ADRESL          equ	4035	;# 
  1250   000FC4                     ADRESH          equ	4036	;# 
  1251   000FC5                     SSPCON2         equ	4037	;# 
  1252   000FC6                     SSPCON1         equ	4038	;# 
  1253   000FC7                     SSPSTAT         equ	4039	;# 
  1254   000FC8                     SSPADD          equ	4040	;# 
  1255   000FC9                     SSPBUF          equ	4041	;# 
  1256   000FCA                     T2CON           equ	4042	;# 
  1257   000FCB                     PR2             equ	4043	;# 
  1258   000FCB                     MEMCON          equ	4043	;# 
  1259   000FCC                     TMR2            equ	4044	;# 
  1260   000FCD                     T1CON           equ	4045	;# 
  1261   000FCE                     TMR1            equ	4046	;# 
  1262   000FCE                     TMR1L           equ	4046	;# 
  1263   000FCF                     TMR1H           equ	4047	;# 
  1264   000FD0                     RCON            equ	4048	;# 
  1265   000FD1                     WDTCON          equ	4049	;# 
  1266   000FD2                     HLVDCON         equ	4050	;# 
  1267   000FD2                     LVDCON          equ	4050	;# 
  1268   000FD3                     OSCCON          equ	4051	;# 
  1269   000FD5                     T0CON           equ	4053	;# 
  1270   000FD6                     TMR0            equ	4054	;# 
  1271   000FD6                     TMR0L           equ	4054	;# 
  1272   000FD7                     TMR0H           equ	4055	;# 
  1273   000FD8                     STATUS          equ	4056	;# 
  1274   000FD9                     FSR2            equ	4057	;# 
  1275   000FD9                     FSR2L           equ	4057	;# 
  1276   000FDA                     FSR2H           equ	4058	;# 
  1277   000FDB                     PLUSW2          equ	4059	;# 
  1278   000FDC                     PREINC2         equ	4060	;# 
  1279   000FDD                     POSTDEC2        equ	4061	;# 
  1280   000FDE                     POSTINC2        equ	4062	;# 
  1281   000FDF                     INDF2           equ	4063	;# 
  1282   000FE0                     BSR             equ	4064	;# 
  1283   000FE1                     FSR1            equ	4065	;# 
  1284   000FE1                     FSR1L           equ	4065	;# 
  1285   000FE2                     FSR1H           equ	4066	;# 
  1286   000FE3                     PLUSW1          equ	4067	;# 
  1287   000FE4                     PREINC1         equ	4068	;# 
  1288   000FE5                     POSTDEC1        equ	4069	;# 
  1289   000FE6                     POSTINC1        equ	4070	;# 
  1290   000FE7                     INDF1           equ	4071	;# 
  1291   000FE8                     WREG            equ	4072	;# 
  1292   000FE9                     FSR0            equ	4073	;# 
  1293   000FE9                     FSR0L           equ	4073	;# 
  1294   000FEA                     FSR0H           equ	4074	;# 
  1295   000FEB                     PLUSW0          equ	4075	;# 
  1296   000FEC                     PREINC0         equ	4076	;# 
  1297   000FED                     POSTDEC0        equ	4077	;# 
  1298   000FEE                     POSTINC0        equ	4078	;# 
  1299   000FEF                     INDF0           equ	4079	;# 
  1300   000FF0                     INTCON3         equ	4080	;# 
  1301   000FF1                     INTCON2         equ	4081	;# 
  1302   000FF2                     INTCON          equ	4082	;# 
  1303   000FF3                     PROD            equ	4083	;# 
  1304   000FF3                     PRODL           equ	4083	;# 
  1305   000FF4                     PRODH           equ	4084	;# 
  1306   000FF5                     TABLAT          equ	4085	;# 
  1307   000FF6                     TBLPTR          equ	4086	;# 
  1308   000FF6                     TBLPTRL         equ	4086	;# 
  1309   000FF7                     TBLPTRH         equ	4087	;# 
  1310   000FF8                     TBLPTRU         equ	4088	;# 
  1311   000FF9                     PCLAT           equ	4089	;# 
  1312   000FF9                     PC              equ	4089	;# 
  1313   000FF9                     PCL             equ	4089	;# 
  1314   000FFA                     PCLATH          equ	4090	;# 
  1315   000FFB                     PCLATU          equ	4091	;# 
  1316   000FFC                     STKPTR          equ	4092	;# 
  1317   000FFD                     TOS             equ	4093	;# 
  1318   000FFD                     TOSL            equ	4093	;# 
  1319   000FFE                     TOSH            equ	4094	;# 
  1320   000FFF                     TOSU            equ	4095	;# 
  1321                           
  1322                           	psect	idataCOMRAM
  1323   0007AE                     __pidataCOMRAM:
  1324                           	callstack 0
  1325                           
  1326                           ;initializer for main@F10613
  1327   0007AE  21                 	db	33
  1328   0007AF  CB                 	db	203
  1329   0007B0  6B                 	db	107
  1330   0007B1  2D                 	db	45
  1331   000FD6                     _TMR0           set	4054
  1332   000F95                     _TRISD          set	3989
  1333   000F92                     _TRISA          set	3986
  1334   000F83                     _PORTD          set	3971
  1335   000F80                     _PORTA          set	3968
  1336   007EA8                     _T0PS0          set	32424
  1337   007EA9                     _T0PS1          set	32425
  1338   007EAA                     _T0PS2          set	32426
  1339   007EAB                     _PSA            set	32427
  1340   007EAD                     _T0CS           set	32429
  1341   007F92                     _TMR0IF         set	32658
  1342   007F95                     _TMR0IE         set	32661
  1343   007F96                     _PEIE           set	32662
  1344   007F97                     _GIE            set	32663
  1345   007C09                     _RB1            set	31753
  1346   007C99                     _TRISB1         set	31897
  1347   007F91                     _INT0IF         set	32657
  1348   007F94                     _INT0IE         set	32660
  1349   007C98                     _TRISB0         set	31896
  1350                           
  1351                           ; #config settings
  1352                           
  1353                           	psect	cinit
  1354   00074A                     __pcinit:
  1355                           	callstack 0
  1356   00074A                     start_initialization:
  1357                           	callstack 0
  1358   00074A                     __initialization:
  1359                           	callstack 0
  1360                           
  1361                           ; Initialize objects allocated to COMRAM (4 bytes)
  1362                           ; load TBLPTR registers with __pidataCOMRAM
  1363   00074A  0EAE               	movlw	low __pidataCOMRAM
  1364   00074C  6EF6               	movwf	tblptrl,c
  1365   00074E  0E07               	movlw	high __pidataCOMRAM
  1366   000750  6EF7               	movwf	tblptrh,c
  1367   000752  0E00               	movlw	low (__pidataCOMRAM shr (0+16))
  1368   000754  6EF8               	movwf	tblptru,c
  1369   000756  EE00  F012         	lfsr	0,__pdataCOMRAM
  1370   00075A  EE10 F004          	lfsr	1,4
  1371   00075E                     copy_data0:
  1372   00075E  0009               	tblrd		*+
  1373   000760  CFF5 FFEE          	movff	tablat,postinc0
  1374   000764  50E5               	movf	postdec1,w,c
  1375   000766  50E1               	movf	fsr1l,w,c
  1376   000768  E1FA               	bnz	copy_data0
  1377                           
  1378                           ; Clear objects allocated to COMRAM (3 bytes)
  1379   00076A  6A18               	clrf	(__pbssCOMRAM+2)& (0+255),c
  1380   00076C  6A17               	clrf	(__pbssCOMRAM+1)& (0+255),c
  1381   00076E  6A16               	clrf	__pbssCOMRAM& (0+255),c
  1382   000770                     end_of_initialization:
  1383                           	callstack 0
  1384   000770                     __end_of__initialization:
  1385                           	callstack 0
  1386   000770  9001               	bcf	int$flags,0,c	;clear compiler interrupt flag (level 1)
  1387   000772  9201               	bcf	int$flags,1,c	;clear compiler interrupt flag (level 2)
  1388   000774  0100               	movlb	0
  1389   000776  EF7E  F003         	goto	_main	;jump to C main() function
  1390                           
  1391                           	psect	bssCOMRAM
  1392   000016                     __pbssCOMRAM:
  1393                           	callstack 0
  1394   000016                     isr@count:
  1395                           	callstack 0
  1396   000016                     	ds	2
  1397   000018                     _sec_count:
  1398                           	callstack 0
  1399   000018                     	ds	1
  1400                           
  1401                           	psect	dataCOMRAM
  1402   000012                     __pdataCOMRAM:
  1403                           	callstack 0
  1404   000012                     main@F10613:
  1405                           	callstack 0
  1406   000012                     	ds	4
  1407                           
  1408                           	psect	cstackCOMRAM
  1409   000002                     __pcstackCOMRAM:
  1410                           	callstack 0
  1411   000002                     ??_isr:
  1412                           
  1413                           ; 1 bytes @ 0x0
  1414   000002                     	ds	1
  1415   000003                     display@ssd:
  1416                           	callstack 0
  1417   000003                     
  1418                           ; 1 bytes @ 0x1
  1419   000003                     	ds	1
  1420   000004                     ??_display:
  1421                           
  1422                           ; 1 bytes @ 0x2
  1423   000004                     	ds	2
  1424   000006                     display@delay:
  1425                           	callstack 0
  1426                           
  1427                           ; 2 bytes @ 0x4
  1428   000006                     	ds	2
  1429   000008                     display@i:
  1430                           	callstack 0
  1431                           
  1432                           ; 2 bytes @ 0x6
  1433   000008                     	ds	2
  1434   00000A                     main@digit:
  1435                           	callstack 0
  1436   00000A                     
  1437                           ; 1 bytes @ 0x8
  1438   00000A                     	ds	4
  1439   00000E                     main@ssd:
  1440                           	callstack 0
  1441                           
  1442                           ; 4 bytes @ 0xC
  1443   00000E                     	ds	4
  1444                           
  1445 ;;
  1446 ;;Main: autosize = 0, tempsize = 0, incstack = 0, save=0
  1447 ;;
  1448 ;; *************** function _main *****************
  1449 ;; Defined at:
  1450 ;;		line 48 in file "main.c"
  1451 ;; Parameters:    Size  Location     Type
  1452 ;;		None
  1453 ;; Auto vars:     Size  Location     Type
  1454 ;;  ssd             4   12[COMRAM] unsigned char [4]
  1455 ;;  digit           4    8[COMRAM] unsigned char [4]
  1456 ;; Return value:  Size  Location     Type
  1457 ;;                  1    wreg      void 
  1458 ;; Registers used:
  1459 ;;		wreg, fsr2l, fsr2h, status,2, status,0, cstack
  1460 ;; Tracked objects:
  1461 ;;		On entry : 0/0
  1462 ;;		On exit  : 0/0
  1463 ;;		Unchanged: 0/0
  1464 ;; Data sizes:     COMRAM   BANK0   BANK1   BANK2   BANK3   BANK4   BANK5
  1465 ;;      Params:         0       0       0       0       0       0       0
  1466 ;;      Locals:         8       0       0       0       0       0       0
  1467 ;;      Temps:          0       0       0       0       0       0       0
  1468 ;;      Totals:         8       0       0       0       0       0       0
  1469 ;;Total ram usage:        8 bytes
  1470 ;; Hardware stack levels required when called: 3
  1471 ;; This function calls:
  1472 ;;		_display
  1473 ;;		_init_config
  1474 ;; This function is called by:
  1475 ;;		Startup code after reset
  1476 ;; This function uses a non-reentrant model
  1477 ;;
  1478                           
  1479                           	psect	text0
  1480   0006FC                     __ptext0:
  1481                           	callstack 0
  1482   0006FC                     _main:
  1483                           	callstack 28
  1484   0006FC                     
  1485                           ;main.c: 49:  unsigned char digit[] = {0X21,0XCB,0X6B,0X2D};
  1486   0006FC  C012  F00A         	movff	main@F10613,main@digit
  1487   000700  C013  F00B         	movff	main@F10613+1,main@digit+1
  1488   000704  C014  F00C         	movff	main@F10613+2,main@digit+2
  1489   000708  C015  F00D         	movff	main@F10613+3,main@digit+3
  1490   00070C                     
  1491                           ;main.c: 50:     char ssd[4];;main.c: 52:     init_config();
  1492   00070C  ECBD  F003         	call	_init_config	;wreg free
  1493   000710                     l977:
  1494                           
  1495                           ;main.c: 54:   ssd[0] = digit[0];
  1496   000710  C00A  F00E         	movff	main@digit,main@ssd
  1497   000714                     
  1498                           ;main.c: 55:   ssd[1] = digit[1];
  1499   000714  C00B  F00F         	movff	main@digit+1,main@ssd+1
  1500   000718                     
  1501                           ;main.c: 56:   ssd[2] = digit[2];
  1502   000718  C00C  F010         	movff	main@digit+2,main@ssd+2
  1503   00071C                     
  1504                           ;main.c: 57:   ssd[3] = digit[3];
  1505   00071C  C00D  F011         	movff	main@digit+3,main@ssd+3
  1506   000720                     
  1507                           ;main.c: 59:   display(ssd);
  1508   000720  0E0E               	movlw	low main@ssd
  1509   000722  6E03               	movwf	display@ssd^0,c
  1510   000724  EC41  F003         	call	_display	;wreg free
  1511   000728                     
  1512                           ;main.c: 61:         if(sec_count >=5){
  1513   000728  0E04               	movlw	4
  1514   00072A  6418               	cpfsgt	_sec_count^0,c	;volatile
  1515   00072C  EF9A  F003         	goto	u141
  1516   000730  EF9C  F003         	goto	u140
  1517   000734                     u141:
  1518   000734  EF88  F003         	goto	l977
  1519   000738                     u140:
  1520   000738                     
  1521                           ;main.c: 63:             TMR0IE = 0;
  1522   000738  9AF2               	bcf	4082,5,c	;volatile
  1523   00073A  0003               	sleep		;# 
  1524                           
  1525                           ;main.c: 66:             TMR0IF = 0;
  1526   00073C  94F2               	bcf	4082,2,c	;volatile
  1527                           
  1528                           ;main.c: 67:             TMR0IE = 1;
  1529   00073E  8AF2               	bsf	4082,5,c	;volatile
  1530                           
  1531                           ;main.c: 68:             sec_count = 0;
  1532   000740  6A18               	clrf	_sec_count^0,c	;volatile
  1533   000742  EF88  F003         	goto	l977
  1534   000746  EF07  F000         	goto	start
  1535   00074A                     __end_of_main:
  1536                           	callstack 0
  1537                           
  1538 ;; *************** function _init_config *****************
  1539 ;; Defined at:
  1540 ;;		line 35 in file "main.c"
  1541 ;; Parameters:    Size  Location     Type
  1542 ;;		None
  1543 ;; Auto vars:     Size  Location     Type
  1544 ;;		None
  1545 ;; Return value:  Size  Location     Type
  1546 ;;                  1    wreg      void 
  1547 ;; Registers used:
  1548 ;;		wreg, status,2, cstack
  1549 ;; Tracked objects:
  1550 ;;		On entry : 0/0
  1551 ;;		On exit  : 0/0
  1552 ;;		Unchanged: 0/0
  1553 ;; Data sizes:     COMRAM   BANK0   BANK1   BANK2   BANK3   BANK4   BANK5
  1554 ;;      Params:         0       0       0       0       0       0       0
  1555 ;;      Locals:         0       0       0       0       0       0       0
  1556 ;;      Temps:          0       0       0       0       0       0       0
  1557 ;;      Totals:         0       0       0       0       0       0       0
  1558 ;;Total ram usage:        0 bytes
  1559 ;; Hardware stack levels used: 1
  1560 ;; Hardware stack levels required when called: 2
  1561 ;; This function calls:
  1562 ;;		_init_int0
  1563 ;;		_init_timer0
  1564 ;; This function is called by:
  1565 ;;		_main
  1566 ;; This function uses a non-reentrant model
  1567 ;;
  1568                           
  1569                           	psect	text1
  1570   00077A                     __ptext1:
  1571                           	callstack 0
  1572   00077A                     _init_config:
  1573                           	callstack 28
  1574   00077A                     
  1575                           ;main.c: 36:     TRISA = 0X00;
  1576   00077A  6A92               	clrf	146,c	;volatile
  1577                           
  1578                           ;main.c: 37:     TRISD = 0X00;
  1579   00077C  6A95               	clrf	149,c	;volatile
  1580                           
  1581                           ;main.c: 39:     TRISB1 = 0;
  1582   00077E  9293               	bcf	3987,1,c	;volatile
  1583                           
  1584                           ;main.c: 40:     RB1 = 0;
  1585   000780  9281               	bcf	3969,1,c	;volatile
  1586   000782                     
  1587                           ;main.c: 42:     init_timer0();
  1588   000782  ECC8  F003         	call	_init_timer0	;wreg free
  1589   000786                     
  1590                           ;main.c: 43:     init_int0();
  1591   000786  ECD3  F003         	call	_init_int0	;wreg free
  1592   00078A                     
  1593                           ;main.c: 44:     GIE = 1;
  1594   00078A  8EF2               	bsf	4082,7,c	;volatile
  1595   00078C                     
  1596                           ;main.c: 45:     PEIE = 1;
  1597   00078C  8CF2               	bsf	4082,6,c	;volatile
  1598   00078E  0012               	return		;funcret
  1599   000790                     __end_of_init_config:
  1600                           	callstack 0
  1601                           
  1602 ;; *************** function _init_timer0 *****************
  1603 ;; Defined at:
  1604 ;;		line 12 in file "timer0.c"
  1605 ;; Parameters:    Size  Location     Type
  1606 ;;		None
  1607 ;; Auto vars:     Size  Location     Type
  1608 ;;		None
  1609 ;; Return value:  Size  Location     Type
  1610 ;;                  1    wreg      void 
  1611 ;; Registers used:
  1612 ;;		wreg, status,2
  1613 ;; Tracked objects:
  1614 ;;		On entry : 0/0
  1615 ;;		On exit  : 0/0
  1616 ;;		Unchanged: 0/0
  1617 ;; Data sizes:     COMRAM   BANK0   BANK1   BANK2   BANK3   BANK4   BANK5
  1618 ;;      Params:         0       0       0       0       0       0       0
  1619 ;;      Locals:         0       0       0       0       0       0       0
  1620 ;;      Temps:          0       0       0       0       0       0       0
  1621 ;;      Totals:         0       0       0       0       0       0       0
  1622 ;;Total ram usage:        0 bytes
  1623 ;; Hardware stack levels used: 1
  1624 ;; Hardware stack levels required when called: 1
  1625 ;; This function calls:
  1626 ;;		Nothing
  1627 ;; This function is called by:
  1628 ;;		_init_config
  1629 ;; This function uses a non-reentrant model
  1630 ;;
  1631                           
  1632                           	psect	text2
  1633   000790                     __ptext2:
  1634                           	callstack 0
  1635   000790                     _init_timer0:
  1636                           	callstack 28
  1637   000790                     
  1638                           ;timer0.c: 15:     T0CS = 0;
  1639   000790  9AD5               	bcf	4053,5,c	;volatile
  1640                           
  1641                           ;timer0.c: 16:     PSA = 0;
  1642   000792  96D5               	bcf	4053,3,c	;volatile
  1643                           
  1644                           ;timer0.c: 17:     T0PS2 = 0;
  1645   000794  94D5               	bcf	4053,2,c	;volatile
  1646                           
  1647                           ;timer0.c: 18:     T0PS1 = 0;
  1648   000796  92D5               	bcf	4053,1,c	;volatile
  1649                           
  1650                           ;timer0.c: 19:     T0PS0 = 1;
  1651   000798  80D5               	bsf	4053,0,c	;volatile
  1652   00079A                     
  1653                           ;timer0.c: 21:     TMR0 = 6;
  1654   00079A  6AD7               	clrf	215,c	;volatile
  1655   00079C  0E06               	movlw	6
  1656   00079E  6ED6               	movwf	214,c	;volatile
  1657   0007A0                     
  1658                           ;timer0.c: 22:     TMR0IF = 0;
  1659   0007A0  94F2               	bcf	4082,2,c	;volatile
  1660   0007A2                     
  1661                           ;timer0.c: 23:     TMR0IE = 1;
  1662   0007A2  8AF2               	bsf	4082,5,c	;volatile
  1663   0007A4  0012               	return		;funcret
  1664   0007A6                     __end_of_init_timer0:
  1665                           	callstack 0
  1666                           
  1667 ;; *************** function _init_int0 *****************
  1668 ;; Defined at:
  1669 ;;		line 26 in file "main.c"
  1670 ;; Parameters:    Size  Location     Type
  1671 ;;		None
  1672 ;; Auto vars:     Size  Location     Type
  1673 ;;		None
  1674 ;; Return value:  Size  Location     Type
  1675 ;;                  1    wreg      void 
  1676 ;; Registers used:
  1677 ;;		None
  1678 ;; Tracked objects:
  1679 ;;		On entry : 0/0
  1680 ;;		On exit  : 0/0
  1681 ;;		Unchanged: 0/0
  1682 ;; Data sizes:     COMRAM   BANK0   BANK1   BANK2   BANK3   BANK4   BANK5
  1683 ;;      Params:         0       0       0       0       0       0       0
  1684 ;;      Locals:         0       0       0       0       0       0       0
  1685 ;;      Temps:          0       0       0       0       0       0       0
  1686 ;;      Totals:         0       0       0       0       0       0       0
  1687 ;;Total ram usage:        0 bytes
  1688 ;; Hardware stack levels used: 1
  1689 ;; Hardware stack levels required when called: 1
  1690 ;; This function calls:
  1691 ;;		Nothing
  1692 ;; This function is called by:
  1693 ;;		_init_config
  1694 ;; This function uses a non-reentrant model
  1695 ;;
  1696                           
  1697                           	psect	text3
  1698   0007A6                     __ptext3:
  1699                           	callstack 0
  1700   0007A6                     _init_int0:
  1701                           	callstack 28
  1702   0007A6                     
  1703                           ;main.c: 27:     TRISB0 = 1;
  1704   0007A6  8093               	bsf	3987,0,c	;volatile
  1705                           
  1706                           ;main.c: 29:     INT0IE = 1;
  1707   0007A8  88F2               	bsf	4082,4,c	;volatile
  1708                           
  1709                           ;main.c: 30:     INT0IF = 0;
  1710   0007AA  92F2               	bcf	4082,1,c	;volatile
  1711   0007AC  0012               	return		;funcret
  1712   0007AE                     __end_of_init_int0:
  1713                           	callstack 0
  1714                           
  1715 ;; *************** function _display *****************
  1716 ;; Defined at:
  1717 ;;		line 14 in file "main.c"
  1718 ;; Parameters:    Size  Location     Type
  1719 ;;  ssd             1    1[COMRAM] PTR unsigned char 
  1720 ;;		 -> main@ssd(4), 
  1721 ;; Auto vars:     Size  Location     Type
  1722 ;;  delay           2    4[COMRAM] int 
  1723 ;;  i               2    6[COMRAM] int 
  1724 ;; Return value:  Size  Location     Type
  1725 ;;                  1    wreg      void 
  1726 ;; Registers used:
  1727 ;;		wreg, fsr2l, fsr2h, status,2, status,0
  1728 ;; Tracked objects:
  1729 ;;		On entry : 0/0
  1730 ;;		On exit  : 0/0
  1731 ;;		Unchanged: 0/0
  1732 ;; Data sizes:     COMRAM   BANK0   BANK1   BANK2   BANK3   BANK4   BANK5
  1733 ;;      Params:         1       0       0       0       0       0       0
  1734 ;;      Locals:         4       0       0       0       0       0       0
  1735 ;;      Temps:          2       0       0       0       0       0       0
  1736 ;;      Totals:         7       0       0       0       0       0       0
  1737 ;;Total ram usage:        7 bytes
  1738 ;; Hardware stack levels used: 1
  1739 ;; Hardware stack levels required when called: 1
  1740 ;; This function calls:
  1741 ;;		Nothing
  1742 ;; This function is called by:
  1743 ;;		_main
  1744 ;; This function uses a non-reentrant model
  1745 ;;
  1746                           
  1747                           	psect	text4
  1748   000682                     __ptext4:
  1749                           	callstack 0
  1750   000682                     _display:
  1751                           	callstack 29
  1752   000682                     
  1753                           ;main.c: 15:      for(int i=0; i<4; i++){
  1754   000682  6A09               	clrf	(display@i+1)^0,c
  1755   000684  0E00               	movlw	0
  1756   000686  6E08               	movwf	display@i^0,c
  1757   000688                     l959:
  1758                           
  1759                           ;main.c: 17:         PORTA = PORTA & 0XF0;
  1760   000688  5080               	movf	128,w,c	;volatile
  1761   00068A  0BF0               	andlw	240
  1762   00068C  6E80               	movwf	128,c	;volatile
  1763   00068E                     
  1764                           ;main.c: 19:         PORTD = ssd[i];
  1765   00068E  5003               	movf	display@ssd^0,w,c
  1766   000690  2408               	addwf	display@i^0,w,c
  1767   000692  6ED9               	movwf	fsr2l,c
  1768   000694  6ADA               	clrf	fsr2h,c
  1769   000696  50DF               	movf	indf2,w,c
  1770   000698  6E83               	movwf	131,c	;volatile
  1771   00069A                     
  1772                           ;main.c: 21:         PORTA = (PORTA & 0XF0) | 1<<i;
  1773   00069A  C008  F004         	movff	display@i,??_display
  1774   00069E  0E01               	movlw	1
  1775   0006A0  6E05               	movwf	(??_display+1)^0,c
  1776   0006A2  2A04               	incf	??_display^0,f,c
  1777   0006A4  EF56  F003         	goto	u114
  1778   0006A8                     u115:
  1779   0006A8  90D8               	bcf	status,0,c
  1780   0006AA  3605               	rlcf	(??_display+1)^0,f,c
  1781   0006AC                     u114:
  1782   0006AC  2E04               	decfsz	??_display^0,f,c
  1783   0006AE  EF54  F003         	goto	u115
  1784   0006B2  5080               	movf	128,w,c	;volatile
  1785   0006B4  0BF0               	andlw	240
  1786   0006B6  1005               	iorwf	(??_display+1)^0,w,c
  1787   0006B8  6E80               	movwf	128,c	;volatile
  1788   0006BA                     
  1789                           ;main.c: 22:         for(int delay=200; delay--;);
  1790   0006BA  6A07               	clrf	(display@delay+1)^0,c
  1791   0006BC  0EC8               	movlw	200
  1792   0006BE  6E06               	movwf	display@delay^0,c
  1793   0006C0                     l967:
  1794   0006C0  0606               	decf	display@delay^0,f,c
  1795   0006C2  A0D8               	btfss	status,0,c
  1796   0006C4  0607               	decf	(display@delay+1)^0,f,c
  1797   0006C6  2806               	incf	display@delay^0,w,c
  1798   0006C8  E106               	bnz	u121
  1799   0006CA  2807               	incf	(display@delay+1)^0,w,c
  1800   0006CC  A4D8               	btfss	status,2,c
  1801   0006CE  EF6B  F003         	goto	u121
  1802   0006D2  EF6D  F003         	goto	u120
  1803   0006D6                     u121:
  1804   0006D6  EF60  F003         	goto	l967
  1805   0006DA                     u120:
  1806   0006DA                     
  1807                           ;main.c: 23:     };main.c: 15:      for(int i=0; i<4; i++){
  1808   0006DA  4A08               	infsnz	display@i^0,f,c
  1809   0006DC  2A09               	incf	(display@i+1)^0,f,c
  1810   0006DE  BE09               	btfsc	(display@i+1)^0,7,c
  1811   0006E0  EF7B  F003         	goto	u131
  1812   0006E4  5009               	movf	(display@i+1)^0,w,c
  1813   0006E6  E109               	bnz	u130
  1814   0006E8  0E04               	movlw	4
  1815   0006EA  5C08               	subwf	display@i^0,w,c
  1816   0006EC  A0D8               	btfss	status,0,c
  1817   0006EE  EF7B  F003         	goto	u131
  1818   0006F2  EF7D  F003         	goto	u130
  1819   0006F6                     u131:
  1820   0006F6  EF44  F003         	goto	l959
  1821   0006FA                     u130:
  1822   0006FA  0012               	return		;funcret
  1823   0006FC                     __end_of_display:
  1824                           	callstack 0
  1825                           
  1826 ;; *************** function _isr *****************
  1827 ;; Defined at:
  1828 ;;		line 14 in file "isr.c"
  1829 ;; Parameters:    Size  Location     Type
  1830 ;;		None
  1831 ;; Auto vars:     Size  Location     Type
  1832 ;;		None
  1833 ;; Return value:  Size  Location     Type
  1834 ;;                  1    wreg      void 
  1835 ;; Registers used:
  1836 ;;		wreg, status,2, status,0
  1837 ;; Tracked objects:
  1838 ;;		On entry : 0/0
  1839 ;;		On exit  : 0/0
  1840 ;;		Unchanged: 0/0
  1841 ;; Data sizes:     COMRAM   BANK0   BANK1   BANK2   BANK3   BANK4   BANK5
  1842 ;;      Params:         0       0       0       0       0       0       0
  1843 ;;      Locals:         0       0       0       0       0       0       0
  1844 ;;      Temps:          1       0       0       0       0       0       0
  1845 ;;      Totals:         1       0       0       0       0       0       0
  1846 ;;Total ram usage:        1 bytes
  1847 ;; Hardware stack levels used: 1
  1848 ;; This function calls:
  1849 ;;		Nothing
  1850 ;; This function is called by:
  1851 ;;		Interrupt level 2
  1852 ;; This function uses a non-reentrant model
  1853 ;;
  1854                           
  1855                           	psect	intcode
  1856   000008                     __pintcode:
  1857                           	callstack 0
  1858   000008                     _isr:
  1859                           	callstack 28
  1860                           
  1861                           ;incstack = 0
  1862   000008  8201               	bsf	int$flags,1,c	;set compiler interrupt flag (level 2)
  1863   00000A  ED01  F003         	call	int_func,f	;refresh shadow registers
  1864                           
  1865                           	psect	intcode_body
  1866   000602                     __pintcode_body:
  1867                           	callstack 28
  1868   000602                     int_func:
  1869                           	callstack 28
  1870   000602  0006               	pop		; remove dummy address from shadow register refresh
  1871   000604                     
  1872                           ;isr.c: 17:     static unsigned int count;;isr.c: 18:     if(TMR0IF){
  1873   000604  A4F2               	btfss	4082,2,c	;volatile
  1874   000606  EF07  F003         	goto	i2u5_41
  1875   00060A  EF09  F003         	goto	i2u5_40
  1876   00060E                     i2u5_41:
  1877   00060E  EF36  F003         	goto	i2l72
  1878   000612                     i2u5_40:
  1879   000612                     
  1880                           ;isr.c: 19:         TMR0 = TMR0 + 8;
  1881   000612  0E08               	movlw	8
  1882   000614  24D6               	addwf	214,w,c	;volatile
  1883   000616  6ED6               	movwf	214,c	;volatile
  1884   000618  0E00               	movlw	0
  1885   00061A  20D7               	addwfc	215,w,c	;volatile
  1886   00061C  6ED7               	movwf	215,c	;volatile
  1887                           
  1888                           ;isr.c: 20:         if(count++ == 5000){
  1889   00061E  4A16               	infsnz	isr@count^0,f,c
  1890   000620  2A17               	incf	(isr@count+1)^0,f,c
  1891   000622  0E89               	movlw	137
  1892   000624  1816               	xorwf	isr@count^0,w,c
  1893   000626  E107               	bnz	i2u6_41
  1894   000628  0E13               	movlw	19
  1895   00062A  1817               	xorwf	(isr@count+1)^0,w,c
  1896   00062C  A4D8               	btfss	status,2,c
  1897   00062E  EF1B  F003         	goto	i2u6_41
  1898   000632  EF1D  F003         	goto	i2u6_40
  1899   000636                     i2u6_41:
  1900   000636  EF35  F003         	goto	i2l73
  1901   00063A                     i2u6_40:
  1902   00063A                     
  1903                           ;isr.c: 21:             RB1 = !RB1;
  1904   00063A  A281               	btfss	3969,1,c	;volatile
  1905   00063C  EF22  F003         	goto	i2u7_41
  1906   000640  EF25  F003         	goto	i2u7_40
  1907   000644                     i2u7_41:
  1908   000644  8281               	bsf	3969,1,c	;volatile
  1909   000646  EF26  F003         	goto	i2u8_45
  1910   00064A                     i2u7_40:
  1911   00064A  9281               	bcf	3969,1,c	;volatile
  1912   00064C                     i2u8_45:
  1913   00064C                     
  1914                           ;isr.c: 22:             count = 0;
  1915   00064C  6A17               	clrf	(isr@count+1)^0,c
  1916   00064E  0E00               	movlw	0
  1917   000650  6E16               	movwf	isr@count^0,c
  1918   000652                     
  1919                           ;isr.c: 24:             if(sec_count++ >=5){
  1920   000652  2A18               	incf	_sec_count^0,f,c	;volatile
  1921   000654  0418               	decf	_sec_count^0,w,c	;volatile
  1922   000656  6E02               	movwf	??_isr^0,c
  1923   000658  0E04               	movlw	4
  1924   00065A  6402               	cpfsgt	??_isr^0,c
  1925   00065C  EF32  F003         	goto	i2u9_41
  1926   000660  EF34  F003         	goto	i2u9_40
  1927   000664                     i2u9_41:
  1928   000664  EF35  F003         	goto	i2l73
  1929   000668                     i2u9_40:
  1930   000668                     
  1931                           ;isr.c: 25:                 sec_count = 0;
  1932   000668  6A18               	clrf	_sec_count^0,c	;volatile
  1933   00066A                     i2l73:
  1934                           
  1935                           ;isr.c: 29:         TMR0IF = 0;
  1936   00066A  94F2               	bcf	4082,2,c	;volatile
  1937   00066C                     i2l72:
  1938                           
  1939                           ;isr.c: 32:     if(INT0IF){
  1940   00066C  A2F2               	btfss	4082,1,c	;volatile
  1941   00066E  EF3B  F003         	goto	i2u10_41
  1942   000672  EF3D  F003         	goto	i2u10_40
  1943   000676                     i2u10_41:
  1944   000676  EF3F  F003         	goto	i2l76
  1945   00067A                     i2u10_40:
  1946   00067A                     
  1947                           ;isr.c: 33:         INT0IF = 0;
  1948   00067A  92F2               	bcf	4082,1,c	;volatile
  1949                           
  1950                           ;isr.c: 34:         sec_count = 0;
  1951   00067C  6A18               	clrf	_sec_count^0,c	;volatile
  1952   00067E                     i2l76:
  1953   00067E  9201               	bcf	int$flags,1,c	;clear compiler interrupt flag (level 2)
  1954   000680  0011               	retfie		f
  1955   000682                     __end_of_isr:
  1956                           	callstack 0
  1957                           
  1958                           	psect	smallconst
  1959   000600                     __psmallconst:
  1960                           	callstack 0
  1961   000600  00                 	db	0
  1962   000601  00                 	db	0	; dummy byte at the end
  1963   000600                     __smallconst    set	__psmallconst
  1964   000600                     __mediumconst   set	__psmallconst
  1965   000000                     __activetblptr  equ	0
  1966                           
  1967                           	psect	rparam
  1968   000001                     ___rparam_used  equ	1
  1969   000000                     ___param_bank   equ	0
  1970   000000                     __Lparam        equ	__Lrparam
  1971   000000                     __Hparam        equ	__Hrparam
  1972   000001                     btemp           set	1	;btemp
  1973   000001                     int$flags       set	1
  1974   000001                     btemp0          set	1
  1975   000002                     btemp1          set	2
  1976                           tosu	equ	0xFFF
  1977                           tosh	equ	0xFFE
  1978                           tosl	equ	0xFFD
  1979                           stkptr	equ	0xFFC
  1980                           pclatu	equ	0xFFB
  1981                           pclath	equ	0xFFA
  1982                           pcl	equ	0xFF9
  1983                           tblptru	equ	0xFF8
  1984                           tblptrh	equ	0xFF7
  1985                           tblptrl	equ	0xFF6
  1986                           tablat	equ	0xFF5
  1987                           prodh	equ	0xFF4
  1988                           prodl	equ	0xFF3
  1989                           indf0	equ	0xFEF
  1990                           postinc0	equ	0xFEE
  1991                           postdec0	equ	0xFED
  1992                           preinc0	equ	0xFEC
  1993                           plusw0	equ	0xFEB
  1994                           fsr0h	equ	0xFEA
  1995                           fsr0l	equ	0xFE9
  1996                           wreg	equ	0xFE8
  1997                           indf1	equ	0xFE7
  1998                           postinc1	equ	0xFE6
  1999                           postdec1	equ	0xFE5
  2000                           preinc1	equ	0xFE4
  2001                           plusw1	equ	0xFE3
  2002                           fsr1h	equ	0xFE2
  2003                           fsr1l	equ	0xFE1
  2004                           bsr	equ	0xFE0
  2005                           indf2	equ	0xFDF
  2006                           postinc2	equ	0xFDE
  2007                           postdec2	equ	0xFDD
  2008                           preinc2	equ	0xFDC
  2009                           plusw2	equ	0xFDB
  2010                           fsr2h	equ	0xFDA
  2011                           fsr2l	equ	0xFD9
  2012                           status	equ	0xFD8

Data Sizes:
    Strings     0
    Constant    0
    Data        4
    BSS         3
    Persistent  0
    Stack       0

Auto Spaces:
    Space          Size  Autos    Used
    COMRAM           94     16      23
    BANK0           160      0       0
    BANK1           256      0       0
    BANK2           256      0       0
    BANK3           256      0       0
    BANK4           256      0       0
    BANK5           256      0       0

Pointer List with Targets:

    display@ssd	PTR unsigned char  size(1) Largest target is 4
		 -> main@ssd(COMRAM[4]), 


Critical Paths under _main in COMRAM

    _main->_display

Critical Paths under _isr in COMRAM

    None.

Critical Paths under _main in BANK0

    None.

Critical Paths under _isr in BANK0

    None.

Critical Paths under _main in BANK1

    None.

Critical Paths under _isr in BANK1

    None.

Critical Paths under _main in BANK2

    None.

Critical Paths under _isr in BANK2

    None.

Critical Paths under _main in BANK3

    None.

Critical Paths under _isr in BANK3

    None.

Critical Paths under _main in BANK4

    None.

Critical Paths under _isr in BANK4

    None.

Critical Paths under _main in BANK5

    None.

Critical Paths under _isr in BANK5

    None.

Call Graph Tables:

 ---------------------------------------------------------------------------------
 (Depth) Function   	        Calls       Base Space   Used Autos Params    Refs
 ---------------------------------------------------------------------------------
 (0) _main                                                 8     8      0     324
                                              8 COMRAM     8     8      0
                            _display
                        _init_config
 ---------------------------------------------------------------------------------
 (1) _init_config                                          0     0      0       0
                          _init_int0
                        _init_timer0
 ---------------------------------------------------------------------------------
 (2) _init_timer0                                          0     0      0       0
 ---------------------------------------------------------------------------------
 (2) _init_int0                                            0     0      0       0
 ---------------------------------------------------------------------------------
 (1) _display                                              7     6      1     136
                                              1 COMRAM     7     6      1
 ---------------------------------------------------------------------------------
 Estimated maximum stack depth 2
 ---------------------------------------------------------------------------------
 (Depth) Function   	        Calls       Base Space   Used Autos Params    Refs
 ---------------------------------------------------------------------------------
 (3) _isr                                                  1     1      0       0
                                              0 COMRAM     1     1      0
 ---------------------------------------------------------------------------------
 Estimated maximum stack depth 3
 ---------------------------------------------------------------------------------

 Call Graph Graphs:

 _main (ROOT)
   _display
   _init_config
     _init_int0
     _init_timer0

 _isr (ROOT)

Address spaces:
Name               Size   Autos  Total    Usage
BIGRAM            1535      0       0      0.0%
BITBIGSFRl         640      0       0      0.0%
BITBANK5           256      0       0      0.0%
BANK5              256      0       0      0.0%
BITBANK4           256      0       0      0.0%
BANK4              256      0       0      0.0%
BITBANK3           256      0       0      0.0%
BANK3              256      0       0      0.0%
BITBANK2           256      0       0      0.0%
BANK2              256      0       0      0.0%
BITBANK1           256      0       0      0.0%
BANK1              256      0       0      0.0%
BITBANK0           160      0       0      0.0%
BANK0              160      0       0      0.0%
BITBIGSFRh         126      0       0      0.0%
BITCOMRAM           94      0       0      0.0%
COMRAM              94     16      23     24.5%
STACK                0      0       0      0.0%
DATA                 0      0      23      0.0%


Microchip Technology PIC18 Macro Assembler V4.00 build 20260614213421 
Symbol Table                                                                                   Tue Oct  6 11:25:33 2026

                     l41 07AC                       l44 078E                       l38 06FA  
                     l95 07A4                      l911 077A                      l913 0782  
                    l915 0786                      l917 078A                      l919 078C  
                    l961 068E                      l953 0682                      l881 07A6  
                    l971 06DE                      l963 069A                      l883 0790  
                    l965 06BA                      l885 079A                      l981 0718  
                    l973 06FC                      l967 06C0                      l959 0688  
                    l887 07A0                      l983 071C                      l975 070C  
                    l969 06DA                      l889 07A2                      l985 0720  
                    l977 0710                      l987 0728                      l979 0714  
                    _GIE 7F97                      l989 0738                      _RB1 7C09  
                    u120 06DA                      u121 06D6                      u130 06FA  
                    u114 06AC                      u131 06F6                      u115 06A8  
                    u140 0738                      u141 0734                      _PSA 7EAB  
                    _isr 0008                     ?_isr 0002                     _T0CS 7EAD  
                   _PEIE 7F96                     i2l72 066C                     i2l73 066A  
                   i2l76 067E                     _TMR0 0FD6                     _main 06FC  
                   fsr2h 0FDA                     indf2 0FDF                     fsr1l 0FE1  
                   fsr2l 0FD9                     btemp 0001                     start 000E  
           ___param_bank 0000                    ??_isr 0002                    ?_main 0002  
                  _T0PS0 7EA8                    _T0PS1 7EA9                    _T0PS2 7EAA  
           ?_init_config 0002                    i2l941 0612                    i2l951 067A  
                  i2l943 063A                    i2l945 064C                    i2l947 0652  
                  i2l939 0604                    i2l949 0668                    _PORTA 0F80  
                  _PORTD 0F83                    _TRISA 0F92                    _TRISD 0F95  
           ?_init_timer0 0002             display@delay 0006          __end_of_display 06FC  
                  btemp0 0001                    btemp1 0002                    tablat 0FF5  
                  status 0FD8          __initialization 074A             __end_of_main 074A  
                 ??_main 000A            __activetblptr 0000                   _INT0IE 7F94  
                 _INT0IF 7F91                   _TMR0IE 7F95                   _TMR0IF 7F92  
                 i2u5_40 0612                   i2u5_41 060E                   i2u6_40 063A  
                 i2u6_41 0636                   i2u7_40 064A                   i2u7_41 0644  
                 _TRISB0 7C98                   i2u8_45 064C                   _TRISB1 7C99  
                 i2u9_40 0668                   i2u9_41 0664                   isa$std 0001  
              ??_display 0004             __pdataCOMRAM 0012             __mediumconst 0600  
                 tblptrh 0FF7                   tblptrl 0FF6                   tblptru 0FF8  
             __accesstop 0060  __end_of__initialization 0770            ___rparam_used 0001  
         __pcstackCOMRAM 0002                  i2u10_40 067A                  i2u10_41 0676  
                __Hparam 0000                  __Lparam 0000             __psmallconst 0600  
                __pcinit 074A                  __ramtop 0600                  __ptext0 06FC  
                __ptext1 077A                  __ptext2 0790                  __ptext3 07A6  
                __ptext4 0682                  _display 0682        __end_of_init_int0 07AE  
                main@ssd 000E           __pintcode_body 0602     end_of_initialization 0770  
                int_func 0602                  postdec1 0FE5                  postinc0 0FEE  
             main@F10613 0012               display@ssd 0003            __pidataCOMRAM 07AE  
    start_initialization 074A              __end_of_isr 0682            ??_init_config 0003  
          ??_init_timer0 0003              __pbssCOMRAM 0016                __pintcode 0008  
               ?_display 0003              __smallconst 0600                _init_int0 07A6  
    __end_of_init_config 0790      __end_of_init_timer0 07A6                _sec_count 0018  
              main@digit 000A               ?_init_int0 0002                copy_data0 075E  
               __Hrparam 0000                 __Lrparam 0000              _init_config 077A  
            _init_timer0 0790                 isa$xinst 0000                 int$flags 0001  
               display@i 0008                 isr@count 0016              ??_init_int0 0003  
               intlevel2 0000  
